RAS_WSC_08_1819_1-read-67211:2429-3877(+)	d:Bacteria(1.00),p:Proteobacteria(1.00),c:Alphaproteobacteria(1.00),o:Rhodobacterales(1.00),f:Rhodobacteraceae(1.00),g:uncultured(1.00),s:uncultured_bacterium(0.57)	+
RAS_WSC_08_1819_1-read-117494:10-1456(+)	d:Bacteria(1.00),p:Proteobacteria(1.00),c:Gammaproteobacteria(1.00),o:Pseudomonadales(1.00),f:OM182_clade(1.00),g:OM182_clade(1.00),s:uncultured_bacterium(0.95)	+
RAS_WSC_08_1819_1-read-93944:6147-6812(+)	d:Bacteria(1.00),p:Proteobacteria(1.00),c:Gammaproteobacteria(1.00),o:Pseudomonadales(1.00),f:SAR86_clade(1.00),g:SAR86_clade(1.00),s:uncultured_marine(0.27)	+
RAS_WSC_08_1819_1-read-116610:3796-5325(+)	d:Bacteria(1.00),p:Proteobacteria(1.00),c:Gammaproteobacteria(1.00),o:Pseudomonadales(1.00),f:Halieaceae(1.00),g:OM60(NOR5)_clade(0.96),s:seawater_metagenome(0.32)	+
RAS_WSC_08_1819_1-read-29583:3915-5451(-)	d:Bacteria(1.00),p:Proteobacteria(1.00),c:Gammaproteobacteria(1.00),o:Pseudomonadales(1.00),f:Thioglobaceae(1.00),g:SUP05_cluster(1.00),s:gamma_proteobacterium(0.15)	+
RAS_WSC_08_1819_1-read-19934:4741-6270(-)	d:Bacteria(1.00),p:Proteobacteria(1.00),c:Gammaproteobacteria(1.00),o:Pseudomonadales(1.00),f:Halieaceae(1.00),g:OM60(NOR5)_clade(0.98),s:uncultured_marine(0.24)	+
RAS_WSC_08_1819_1-read-47513:6299-7828(-)	d:Bacteria(1.00),p:Proteobacteria(1.00),c:Gammaproteobacteria(1.00),o:Pseudomonadales(1.00),f:Halieaceae(1.00),g:OM60(NOR5)_clade(1.00),s:seawater_metagenome(0.56)	+
RAS_WSC_08_1819_1-read-96334:10732-12263(+)	d:Bacteria(1.00),p:Proteobacteria(1.00),c:Gammaproteobacteria(1.00),o:Pseudomonadales(1.00),f:Pseudomonadaceae(1.00),g:Pseudomonas(1.00),s:Pseudomonas_sp.(0.26)	+
RAS_WSC_08_1819_1-read-126195:1741-3270(-)	d:Bacteria(1.00),p:Proteobacteria(1.00),c:Gammaproteobacteria(1.00),o:Pseudomonadales(1.00),f:Porticoccaceae(1.00),g:SAR92_clade(1.00),s:seawater_metagenome(0.57)	+
RAS_WSC_08_1819_1-read-29974:4027-5556(-)	d:Bacteria(1.00),p:Proteobacteria(1.00),c:Gammaproteobacteria(1.00),o:Pseudomonadales(1.00),f:Porticoccaceae(1.00),g:SAR92_clade(1.00),s:uncultured_marine(0.13)	+
RAS_WSC_08_1819_1-read-42609:6630-8158(+)	d:Bacteria(1.00),p:Proteobacteria(1.00),c:Gammaproteobacteria(1.00),o:Pseudomonadales(1.00),f:Halieaceae(1.00),g:OM60(NOR5)_clade(0.97),s:uncultured_gamma(0.20)	+
RAS_WSC_08_1819_1-read-130758:3478-5007(+)	d:Bacteria(1.00),p:Proteobacteria(1.00),c:Gammaproteobacteria(1.00),o:Pseudomonadales(1.00),f:Porticoccaceae(1.00),g:SAR92_clade(1.00),s:seawater_metagenome(0.42)	+
RAS_WSC_08_1819_1-read-3261:157-1697(-)	d:Bacteria(1.00),p:Proteobacteria(1.00),c:Gammaproteobacteria(1.00),o:Pseudomonadales(1.00),f:Nitrincolaceae(1.00),g:uncultured(1.00),s:uncultured_bacterium(0.09)	+
RAS_WSC_08_1819_1-read-73844:322-1862(+)	d:Bacteria(1.00),p:Proteobacteria(1.00),c:Gammaproteobacteria(1.00),o:Pseudomonadales(1.00),f:Nitrincolaceae(1.00),g:uncultured(1.00),s:uncultured_marine(0.35)	+
RAS_WSC_08_1819_1-read-49086:1230-2759(+)	d:Bacteria(1.00),p:Proteobacteria(1.00),c:Gammaproteobacteria(1.00),o:Pseudomonadales(1.00),f:Porticoccaceae(1.00),g:SAR92_clade(1.00),s:seawater_metagenome(0.17)	+
RAS_WSC_08_1819_1-read-89763:1188-2728(+)	d:Bacteria(1.00),p:Proteobacteria(1.00),c:Gammaproteobacteria(1.00),o:Pseudomonadales(1.00),f:Nitrincolaceae(1.00),g:uncultured(1.00),s:marine_metagenome(0.19)	+
RAS_WSC_08_1819_1-read-108290:3998-5537(-)	d:Bacteria(1.00),p:Proteobacteria(1.00),c:Gammaproteobacteria(1.00),o:Pseudomonadales(1.00),f:Nitrincolaceae(1.00),g:uncultured(1.00),s:uncultured_bacterium(0.06)	+
RAS_WSC_08_1819_1-read-19980:7415-8943(+)	d:Bacteria(1.00),p:Proteobacteria(1.00),c:Gammaproteobacteria(1.00),o:Pseudomonadales(1.00),f:Porticoccaceae(1.00),g:SAR92_clade(1.00),s:uncultured_gamma(0.18)	+
RAS_WSC_08_1819_1-read-109070:6099-7633(-)	d:Bacteria(1.00),p:Proteobacteria(1.00),c:Gammaproteobacteria(1.00),o:Pseudomonadales(1.00),f:Pseudohongiellaceae(1.00),g:Pseudohongiella(1.00),s:uncultured_marine(0.60)	+
RAS_WSC_08_1819_1-read-88601:250-1784(+)	d:Bacteria(1.00),p:Proteobacteria(1.00),c:Gammaproteobacteria(1.00),o:Pseudomonadales(1.00),f:Pseudohongiellaceae(1.00),g:Pseudohongiella(1.00),s:uncultured_gamma(0.75)	+
RAS_WSC_08_1819_1-read-100863:6340-7873(+)	d:Bacteria(1.00),p:Proteobacteria(1.00),c:Gammaproteobacteria(1.00),o:Pseudomonadales(1.00),f:Pseudohongiellaceae(1.00),g:Pseudohongiella(1.00),s:uncultured_gamma(0.04)	+
RAS_WSC_08_1819_1-read-120252:1011-2545(+)	d:Bacteria(1.00),p:Proteobacteria(1.00),c:Gammaproteobacteria(1.00),o:Pseudomonadales(1.00),f:Pseudohongiellaceae(1.00),g:Pseudohongiella(1.00),s:uncultured_marine(0.06)	+
RAS_WSC_08_1819_1-read-2120:1228-2762(+)	d:Bacteria(1.00),p:Proteobacteria(1.00),c:Gammaproteobacteria(1.00),o:Pseudomonadales(1.00),f:Pseudohongiellaceae(1.00),g:Pseudohongiella(1.00),s:uncultured_bacterium(0.51)	+
RAS_WSC_08_1819_1-read-62667:2897-4431(-)	d:Bacteria(1.00),p:Proteobacteria(1.00),c:Gammaproteobacteria(1.00),o:Pseudomonadales(1.00),f:Pseudohongiellaceae(1.00),g:Pseudohongiella(1.00),s:uncultured_bacterium(0.45)	+
RAS_WSC_08_1819_1-read-69412:646-2180(+)	d:Bacteria(1.00),p:Proteobacteria(1.00),c:Gammaproteobacteria(1.00),o:Pseudomonadales(1.00),f:Pseudohongiellaceae(1.00),g:Pseudohongiella(1.00),s:uncultured_gamma(0.44)	+
RAS_WSC_08_1819_1-read-109173:4488-6023(+)	d:Bacteria(1.00),p:Proteobacteria(1.00),c:Gammaproteobacteria(1.00),o:Pseudomonadales(1.00),f:Pseudohongiellaceae(1.00),g:Pseudohongiella(1.00),s:uncultured_gamma(0.41)	+
RAS_WSC_08_1819_1-read-22818:8004-9533(-)	d:Bacteria(1.00),p:Proteobacteria(1.00),c:Gammaproteobacteria(1.00),o:Pseudomonadales(1.00),f:KI89A_clade(1.00),g:KI89A_clade(1.00),s:uncultured_bacterium(0.91)	+
RAS_WSC_08_1819_1-read-38968:505-2034(-)	d:Bacteria(1.00),p:Proteobacteria(1.00),c:Gammaproteobacteria(1.00),o:Pseudomonadales(1.00),f:KI89A_clade(1.00),g:KI89A_clade(1.00),s:uncultured_bacterium(0.90)	+
RAS_WSC_08_1819_1-read-57934:1531-3067(-)	d:Bacteria(1.00),p:Proteobacteria(1.00),c:Gammaproteobacteria(1.00),o:Pseudomonadales(1.00),f:OM182_clade(1.00),g:OM182_clade(1.00),s:marine_gamma(0.98)	+
RAS_WSC_08_1819_1-read-54760:857-2390(+)	d:Bacteria(1.00),p:Proteobacteria(1.00),c:Gammaproteobacteria(1.00),o:Pseudomonadales(1.00),f:OM182_clade(1.00),g:OM182_clade(1.00),s:uncultured_bacterium(1.00)	+
RAS_WSC_08_1819_1-read-42406:3781-5263(-)	d:Bacteria(1.00),p:Proteobacteria(1.00),c:Alphaproteobacteria(1.00),o:Puniceispirillales(1.00),f:SAR116_clade(1.00),g:SAR116_clade(1.00),s:uncultured_marine(0.10)	+
RAS_WSC_08_1819_1-read-28361:2387-3883(+)	d:Bacteria(1.00),p:Proteobacteria(1.00),c:Alphaproteobacteria(1.00),o:Thalassobaculales(1.00),f:Nisaeaceae(1.00),g:OM75_clade(1.00),s:uncultured_Alphaproteobacteria(0.66)	+
RAS_WSC_08_1819_1-read-97516:101-1583(-)	d:Bacteria(1.00),p:Proteobacteria(1.00),c:Alphaproteobacteria(1.00),o:Puniceispirillales(1.00),f:SAR116_clade(1.00),g:SAR116_clade(1.00),s:uncultured_Pelagibacterales(0.46)	+
RAS_WSC_08_1819_1-read-33462:3114-4610(+)	d:Bacteria(1.00),p:Proteobacteria(1.00),c:Alphaproteobacteria(1.00),o:Thalassobaculales(1.00),f:Nisaeaceae(1.00),g:OM75_clade(1.00),s:marine_metagenome(0.15)	+
RAS_WSC_08_1819_1-read-77519:2657-4153(-)	d:Bacteria(1.00),p:Proteobacteria(1.00),c:Alphaproteobacteria(1.00),o:Thalassobaculales(1.00),f:Nisaeaceae(1.00),g:OM75_clade(1.00),s:uncultured_bacterium(0.06)	+
RAS_WSC_08_1819_1-read-103907:3803-5299(-)	d:Bacteria(1.00),p:Proteobacteria(1.00),c:Alphaproteobacteria(1.00),o:Thalassobaculales(1.00),f:Nisaeaceae(1.00),g:OM75_clade(1.00),s:uncultured_Alphaproteobacteria(0.84)	+
RAS_WSC_08_1819_1-read-17827:4583-6116(+)	d:Bacteria(1.00),p:Proteobacteria(1.00),c:Gammaproteobacteria(1.00),o:Pseudomonadales(1.00),f:Pseudohongiellaceae(1.00),g:Pseudohongiella(1.00),s:uncultured_bacterium(0.59)	+
RAS_WSC_08_1819_1-read-30156:2734-4216(+)	d:Bacteria(1.00),p:Proteobacteria(1.00),c:Alphaproteobacteria(1.00),o:Puniceispirillales(1.00),f:SAR116_clade(1.00),g:SAR116_clade(1.00),s:uncultured_alpha(0.69)	+
RAS_WSC_08_1819_1-read-46443:266-1799(+)	d:Bacteria(1.00),p:Proteobacteria(1.00),c:Gammaproteobacteria(1.00),o:Pseudomonadales(1.00),f:Pseudohongiellaceae(1.00),g:Pseudohongiella(1.00),s:uncultured_bacterium(0.49)	+
RAS_WSC_08_1819_1-read-102518:9775-11306(-)	d:Bacteria(1.00),p:Proteobacteria(1.00),c:Gammaproteobacteria(1.00),o:Francisellales(1.00),f:Francisellaceae(1.00),g:Francisella(0.86),s:uncultured_marine(0.10)	+
RAS_WSC_08_1819_1-read-17170:4224-5707(-)	d:Bacteria(1.00),p:Proteobacteria(1.00),c:Alphaproteobacteria(1.00),o:Puniceispirillales(1.00),f:SAR116_clade(1.00),g:SAR116_clade(1.00),s:uncultured_bacterium(0.66)	+
RAS_WSC_08_1819_1-read-67857:6032-7516(-)	d:Bacteria(1.00),p:Proteobacteria(1.00),c:Alphaproteobacteria(1.00),o:SAR11_clade(1.00),f:Clade_IV(1.00),g:Clade_IV(1.00),s:marine_metagenome(0.91)	+
RAS_WSC_08_1819_1-read-115636:4880-6411(+)	d:Bacteria(1.00),p:Proteobacteria(1.00),c:Gammaproteobacteria(1.00),o:Pseudomonadales(1.00),f:SAR86_clade(1.00),g:SAR86_clade(1.00),s:gamma_proteobacterium(0.27)	+
RAS_WSC_08_1819_1-read-25538:258-1797(-)	d:Bacteria(1.00),p:Proteobacteria(1.00),c:Gammaproteobacteria(1.00),o:Pseudomonadales(1.00),f:OM182_clade(1.00),g:OM182_clade(1.00),s:marine_gamma(0.78)	+
RAS_WSC_08_1819_1-read-120998:3987-5469(+)	d:Bacteria(1.00),p:Proteobacteria(1.00),c:Alphaproteobacteria(1.00),o:Puniceispirillales(1.00),f:SAR116_clade(1.00),g:Candidatus_Puniceispirillum(0.57),s:uncultured_bacterium(0.71)	+
RAS_WSC_08_1819_1-read-100140:4257-5788(+)	d:Bacteria(1.00),p:Proteobacteria(1.00),c:Gammaproteobacteria(1.00),o:Pseudomonadales(1.00),f:SAR86_clade(1.00),g:SAR86_clade(1.00),s:uncultured_marine(0.50)	+
RAS_WSC_08_1819_1-read-106977:1175-2706(-)	d:Bacteria(1.00),p:Proteobacteria(1.00),c:Gammaproteobacteria(1.00),o:Pseudomonadales(1.00),f:SAR86_clade(1.00),g:SAR86_clade(1.00),s:uncultured_bacterium(0.17)	+
RAS_WSC_08_1819_1-read-108192:2652-4183(+)	d:Bacteria(1.00),p:Proteobacteria(1.00),c:Gammaproteobacteria(1.00),o:Pseudomonadales(1.00),f:SAR86_clade(1.00),g:SAR86_clade(1.00),s:uncultured_marine(0.45)	+
RAS_WSC_08_1819_1-read-108565:7076-8607(+)	d:Bacteria(1.00),p:Proteobacteria(1.00),c:Gammaproteobacteria(1.00),o:Pseudomonadales(1.00),f:SAR86_clade(1.00),g:SAR86_clade(1.00),s:uncultured_bacterium(0.16)	+
RAS_WSC_08_1819_1-read-109252:5601-7132(+)	d:Bacteria(1.00),p:Proteobacteria(1.00),c:Gammaproteobacteria(1.00),o:Pseudomonadales(1.00),f:SAR86_clade(1.00),g:SAR86_clade(1.00),s:gamma_proteobacterium(0.18)	+
RAS_WSC_08_1819_1-read-139259:3316-4847(-)	d:Bacteria(1.00),p:Proteobacteria(1.00),c:Gammaproteobacteria(1.00),o:Pseudomonadales(1.00),f:SAR86_clade(1.00),g:SAR86_clade(1.00),s:uncultured_bacterium(0.30)	+
RAS_WSC_08_1819_1-read-148446:1006-2537(-)	d:Bacteria(1.00),p:Proteobacteria(1.00),c:Gammaproteobacteria(1.00),o:Pseudomonadales(1.00),f:SAR86_clade(1.00),g:SAR86_clade(1.00),s:gamma_proteobacterium(0.14)	+
RAS_WSC_08_1819_1-read-27409:4848-6379(-)	d:Bacteria(1.00),p:Proteobacteria(1.00),c:Gammaproteobacteria(1.00),o:Pseudomonadales(1.00),f:SAR86_clade(1.00),g:SAR86_clade(1.00),s:gamma_proteobacterium(0.17)	+
RAS_WSC_08_1819_1-read-31786:10843-12374(+)	d:Bacteria(1.00),p:Proteobacteria(1.00),c:Gammaproteobacteria(1.00),o:Pseudomonadales(1.00),f:SAR86_clade(1.00),g:SAR86_clade(1.00),s:uncultured_marine(0.43)	+
RAS_WSC_08_1819_1-read-4308:2917-4448(-)	d:Bacteria(1.00),p:Proteobacteria(1.00),c:Gammaproteobacteria(1.00),o:Pseudomonadales(1.00),f:SAR86_clade(1.00),g:SAR86_clade(1.00),s:uncultured_marine(0.46)	+
RAS_WSC_08_1819_1-read-61516:2255-3786(-)	d:Bacteria(1.00),p:Proteobacteria(1.00),c:Gammaproteobacteria(1.00),o:Pseudomonadales(1.00),f:SAR86_clade(1.00),g:SAR86_clade(1.00),s:uncultured_SAR86(0.09)	+
RAS_WSC_08_1819_1-read-63404:1565-3096(+)	d:Bacteria(1.00),p:Proteobacteria(1.00),c:Gammaproteobacteria(1.00),o:Pseudomonadales(1.00),f:SAR86_clade(1.00),g:SAR86_clade(1.00),s:uncultured_gamma(0.07)	+
RAS_WSC_08_1819_1-read-6391:733-2264(-)	d:Bacteria(1.00),p:Proteobacteria(1.00),c:Gammaproteobacteria(1.00),o:Pseudomonadales(1.00),f:SAR86_clade(1.00),g:SAR86_clade(1.00),s:uncultured_marine(0.43)	+
RAS_WSC_08_1819_1-read-92386:7698-9229(+)	d:Bacteria(1.00),p:Proteobacteria(1.00),c:Gammaproteobacteria(1.00),o:Pseudomonadales(1.00),f:SAR86_clade(1.00),g:SAR86_clade(1.00),s:uncultured_marine(0.39)	+
RAS_WSC_08_1819_1-read-96368:2059-3590(-)	d:Bacteria(1.00),p:Proteobacteria(1.00),c:Gammaproteobacteria(1.00),o:Pseudomonadales(1.00),f:SAR86_clade(1.00),g:SAR86_clade(1.00),s:uncultured_bacterium(0.15)	+
RAS_WSC_08_1819_1-read-110135:1869-3400(+)	d:Bacteria(1.00),p:Proteobacteria(1.00),c:Gammaproteobacteria(1.00),o:Pseudomonadales(1.00),f:SAR86_clade(1.00),g:SAR86_clade(1.00),s:uncultured_bacterium(0.34)	+
RAS_WSC_08_1819_1-read-118373:5814-7345(-)	d:Bacteria(1.00),p:Proteobacteria(1.00),c:Gammaproteobacteria(1.00),o:Pseudomonadales(1.00),f:SAR86_clade(1.00),g:SAR86_clade(1.00),s:uncultured_bacterium(0.40)	+
RAS_WSC_08_1819_1-read-38201:2993-4524(-)	d:Bacteria(1.00),p:Proteobacteria(1.00),c:Gammaproteobacteria(1.00),o:Pseudomonadales(1.00),f:SAR86_clade(1.00),g:SAR86_clade(1.00),s:uncultured_bacterium(0.16)	+
RAS_WSC_08_1819_1-read-90100:4545-6028(+)	d:Bacteria(1.00),p:Proteobacteria(1.00),c:Alphaproteobacteria(1.00),o:SAR11_clade(1.00),f:Clade_IV(1.00),g:Clade_IV(1.00),s:marine_metagenome(0.82)	+
RAS_WSC_08_1819_1-read-122101:4936-6466(+)	d:Bacteria(1.00),p:Proteobacteria(1.00),c:Gammaproteobacteria(1.00),o:Pseudomonadales(1.00),f:SAR86_clade(1.00),g:SAR86_clade(1.00),s:uncultured_marine(0.40)	+
RAS_WSC_08_1819_1-read-126491:1242-2773(-)	d:Bacteria(1.00),p:Proteobacteria(1.00),c:Gammaproteobacteria(1.00),o:Pseudomonadales(1.00),f:SAR86_clade(1.00),g:SAR86_clade(1.00),s:uncultured_bacterium(0.26)	+
RAS_WSC_08_1819_1-read-15771:2352-3883(-)	d:Bacteria(1.00),p:Proteobacteria(1.00),c:Gammaproteobacteria(1.00),o:Pseudomonadales(1.00),f:SAR86_clade(1.00),g:SAR86_clade(1.00),s:uncultured_gamma(0.12)	+
RAS_WSC_08_1819_1-read-67721:2892-4423(+)	d:Bacteria(1.00),p:Proteobacteria(1.00),c:Gammaproteobacteria(1.00),o:Pseudomonadales(1.00),f:SAR86_clade(1.00),g:SAR86_clade(1.00),s:uncultured_marine(0.39)	+
RAS_WSC_08_1819_1-read-68395:2257-3788(-)	d:Bacteria(1.00),p:Proteobacteria(1.00),c:Gammaproteobacteria(1.00),o:Pseudomonadales(1.00),f:SAR86_clade(1.00),g:SAR86_clade(1.00),s:uncultured_marine(0.32)	+
RAS_WSC_08_1819_1-read-82929:927-2458(+)	d:Bacteria(1.00),p:Proteobacteria(1.00),c:Gammaproteobacteria(1.00),o:Pseudomonadales(1.00),f:SAR86_clade(1.00),g:SAR86_clade(1.00),s:uncultured_marine(0.32)	+
RAS_WSC_08_1819_1-read-22906:1597-3125(-)	d:Bacteria(1.00),p:Proteobacteria(1.00),c:Gammaproteobacteria(1.00),o:Pseudomonadales(1.00),f:Porticoccaceae(1.00),g:SAR92_clade(1.00),s:uncultured_bacterium(0.17)	+
RAS_WSC_08_1819_1-read-87934:5346-6877(-)	d:Bacteria(1.00),p:Proteobacteria(1.00),c:Gammaproteobacteria(1.00),o:Pseudomonadales(1.00),f:SAR86_clade(1.00),g:SAR86_clade(1.00),s:uncultured_bacterium(0.19)	+
RAS_WSC_08_1819_1-read-145485:3081-4564(-)	d:Bacteria(1.00),p:Proteobacteria(1.00),c:Alphaproteobacteria(1.00),o:SAR11_clade(1.00),f:Clade_IV(1.00),g:Clade_IV(1.00),s:marine_metagenome(0.88)	+
RAS_WSC_08_1819_1-read-146592:8367-9898(+)	d:Bacteria(1.00),p:Proteobacteria(1.00),c:Gammaproteobacteria(1.00),o:Pseudomonadales(1.00),f:SAR86_clade(1.00),g:SAR86_clade(1.00),s:uncultured_marine(0.48)	+
RAS_WSC_08_1819_1-read-3171:343-1837(-)	d:Bacteria(1.00),p:Proteobacteria(1.00),c:Alphaproteobacteria(1.00),o:Parvibaculales(1.00),f:OCS116_clade(1.00),g:OCS116_clade(1.00),s:marine_metagenome(0.22)	+
RAS_WSC_08_1819_1-read-85375:2852-4383(-)	d:Bacteria(1.00),p:Proteobacteria(1.00),c:Gammaproteobacteria(1.00),o:Pseudomonadales(1.00),f:SAR86_clade(1.00),g:SAR86_clade(1.00),s:uncultured_gamma(0.06)	+
RAS_WSC_08_1819_1-read-92179:2305-3836(+)	d:Bacteria(1.00),p:Proteobacteria(1.00),c:Gammaproteobacteria(1.00),o:Pseudomonadales(1.00),f:SAR86_clade(1.00),g:SAR86_clade(1.00),s:uncultured_bacterium(0.13)	+
RAS_WSC_08_1819_1-read-227:5761-7299(-)	d:Bacteria(1.00),p:Proteobacteria(1.00),c:Gammaproteobacteria(1.00),o:Burkholderiales(1.00),f:Methylophilaceae(1.00),g:OM43_clade(0.98),s:uncultured_marine(0.24)	+
RAS_WSC_08_1819_1-read-45607:1584-3116(-)	d:Bacteria(1.00),p:Proteobacteria(1.00),c:Gammaproteobacteria(1.00),o:Pseudomonadales(1.00),f:SAR86_clade(1.00),g:SAR86_clade(1.00),s:uncultured_bacterium(0.15)	+
RAS_WSC_08_1819_1-read-38319:3463-4993(+)	d:Bacteria(1.00),p:Proteobacteria(1.00),c:Gammaproteobacteria(1.00),o:Pseudomonadales(1.00),f:SAR86_clade(1.00),g:SAR86_clade(1.00),s:uncultured_gamma(0.09)	+
RAS_WSC_08_1819_1-read-19977:2438-3970(+)	d:Bacteria(1.00),p:Proteobacteria(1.00),c:Gammaproteobacteria(1.00),o:Pseudomonadales(1.00),f:Pseudohongiellaceae(1.00),g:Pseudohongiella(1.00),s:marine_gamma(0.18)	+
RAS_WSC_08_1819_1-read-136683:2392-3924(+)	d:Bacteria(1.00),p:Proteobacteria(1.00),c:Gammaproteobacteria(1.00),o:Pseudomonadales(1.00),f:SAR86_clade(1.00),g:SAR86_clade(1.00),s:uncultured_marine(0.90)	+
RAS_WSC_08_1819_1-read-26903:3139-4676(+)	d:Bacteria(1.00),p:Proteobacteria(1.00),c:Gammaproteobacteria(1.00),o:Burkholderiales(1.00),f:Methylophilaceae(1.00),g:OM43_clade(1.00),s:uncultured_beta(0.07)	+
RAS_WSC_08_1819_1-read-115475:2228-3765(+)	d:Bacteria(1.00),p:Proteobacteria(1.00),c:Gammaproteobacteria(1.00),o:Burkholderiales(1.00),f:Methylophilaceae(1.00),g:OM43_clade(1.00),s:uncultured_marine(0.25)	+
RAS_WSC_08_1819_1-read-65539:18-1555(-)	d:Bacteria(1.00),p:Proteobacteria(1.00),c:Gammaproteobacteria(1.00),o:Burkholderiales(1.00),f:Methylophilaceae(1.00),g:OM43_clade(1.00),s:uncultured_bacterium(0.76)	+
RAS_WSC_08_1819_1-read-68101:1381-2911(+)	d:Bacteria(1.00),p:Proteobacteria(1.00),c:Gammaproteobacteria(1.00),o:Pseudomonadales(1.00),f:SAR86_clade(1.00),g:SAR86_clade(1.00),s:uncultured_gamma(0.09)	+
RAS_WSC_08_1819_1-read-140605:1149-2679(+)	d:Bacteria(1.00),p:Proteobacteria(1.00),c:Gammaproteobacteria(1.00),o:Enterobacterales(1.00),f:Pseudoalteromonadaceae(1.00),g:Pseudoalteromonas(1.00),s:Pseudoalteromonas_sp.(0.23)	+
RAS_WSC_08_1819_1-read-24486:123-1661(-)	d:Bacteria(1.00),p:Proteobacteria(1.00),c:Gammaproteobacteria(1.00),o:Burkholderiales(1.00),f:Methylophilaceae(1.00),g:OM43_clade(1.00),s:marine_metagenome(0.03)	+
RAS_WSC_08_1819_1-read-103043:1165-2697(-)	d:Bacteria(1.00),p:Proteobacteria(1.00),c:Gammaproteobacteria(1.00),o:Enterobacterales(1.00),f:Pseudoalteromonadaceae(1.00),g:Pseudoalteromonas(1.00),s:Pseudoalteromonas_sp.(0.40)	+
RAS_WSC_08_1819_1-read-62922:7642-9172(+)	d:Bacteria(1.00),p:Proteobacteria(1.00),c:Gammaproteobacteria(1.00),o:Pseudomonadales(1.00),f:SAR86_clade(1.00),g:SAR86_clade(1.00),s:uncultured_bacterium(0.22)	+
RAS_WSC_08_1819_1-read-85208:3298-4836(+)	d:Bacteria(1.00),p:Proteobacteria(1.00),c:Gammaproteobacteria(1.00),o:Burkholderiales(1.00),f:Methylophilaceae(1.00),g:OM43_clade(1.00),s:uncultured_bacterium(0.84)	+
RAS_WSC_08_1819_1-read-11357:2622-4160(+)	d:Bacteria(1.00),p:Proteobacteria(1.00),c:Gammaproteobacteria(1.00),o:Burkholderiales(1.00),f:Methylophilaceae(1.00),g:OM43_clade(1.00),s:uncultured_bacterium(0.88)	+
RAS_WSC_08_1819_1-read-128742:3123-4604(-)	d:Bacteria(1.00),p:Proteobacteria(1.00),c:Alphaproteobacteria(1.00),o:Puniceispirillales(1.00),f:SAR116_clade(1.00),g:SAR116_clade(0.94),s:uncultured_proteobacterium(0.25)	+
RAS_WSC_08_1819_1-read-8295:1770-3299(+)	d:Bacteria(1.00),p:Proteobacteria(1.00),c:Gammaproteobacteria(1.00),o:Pseudomonadales(1.00),f:SAR86_clade(1.00),g:SAR86_clade(1.00),s:gamma_proteobacterium(0.16)	+
RAS_WSC_08_1819_1-read-86686:5085-6621(+)	d:Bacteria(1.00),p:Proteobacteria(1.00),c:Gammaproteobacteria(1.00),o:Burkholderiales(1.00),f:Methylophilaceae(1.00),g:OM43_clade(1.00),s:uncultured_bacterium(0.63)	+
RAS_WSC_08_1819_1-read-46299:4004-5543(+)	d:Bacteria(1.00),p:Proteobacteria(1.00),c:Gammaproteobacteria(1.00),o:Burkholderiales(1.00),f:Methylophilaceae(1.00),g:OM43_clade(1.00),s:uncultured_bacterium(0.80)	+
RAS_WSC_08_1819_1-read-81653:5586-7123(-)	d:Bacteria(1.00),p:Proteobacteria(1.00),c:Gammaproteobacteria(1.00),o:Burkholderiales(1.00),f:Methylophilaceae(1.00),g:OM43_clade(1.00),s:uncultured_bacterium(0.87)	+
RAS_WSC_08_1819_1-read-11275:2994-4532(+)	d:Bacteria(1.00),p:Proteobacteria(1.00),c:Gammaproteobacteria(1.00),o:Burkholderiales(1.00),f:Methylophilaceae(1.00),g:OM43_clade(1.00),s:uncultured_bacterium(0.80)	+
RAS_WSC_08_1819_1-read-67678:3834-5363(-)	d:Bacteria(1.00),p:Proteobacteria(1.00),c:Gammaproteobacteria(1.00),o:Pseudomonadales(1.00),f:SAR86_clade(1.00),g:SAR86_clade(1.00),s:gamma_proteobacterium(0.33)	+
RAS_WSC_08_1819_1-read-131691:974-2505(-)	d:Bacteria(1.00),p:Proteobacteria(1.00),c:Gammaproteobacteria(1.00),o:Pseudomonadales(1.00),f:Pseudohongiellaceae(1.00),g:Pseudohongiella(1.00),s:uncultured_gamma(0.38)	+
RAS_WSC_08_1819_1-read-81125:6480-8010(-)	d:Bacteria(1.00),p:Proteobacteria(1.00),c:Gammaproteobacteria(1.00),o:Pseudomonadales(1.00),f:Pseudohongiellaceae(1.00),g:Pseudohongiella(1.00),s:Uncultured_Pseudospirillum(0.21)	+
RAS_WSC_08_1819_1-read-10075:4150-5678(-)	d:Bacteria(1.00),p:Proteobacteria(1.00),c:Gammaproteobacteria(1.00),o:Enterobacterales(1.00),f:Pseudoalteromonadaceae(1.00),g:Pseudoalteromonas(1.00),s:Pseudoalteromonas_sp.(0.27)	+
RAS_WSC_08_1819_1-read-139821:2465-4003(-)	d:Bacteria(1.00),p:Proteobacteria(1.00),c:Gammaproteobacteria(1.00),o:Burkholderiales(1.00),f:Methylophilaceae(1.00),g:OM43_clade(1.00),s:uncultured_bacterium(0.76)	+
RAS_WSC_08_1819_1-read-15304:1930-3461(+)	d:Bacteria(1.00),p:Proteobacteria(1.00),c:Gammaproteobacteria(1.00),o:Pseudomonadales(1.00),f:SAR86_clade(1.00),g:SAR86_clade(1.00),s:uncultured_gamma(0.05)	+
RAS_WSC_08_1819_1-read-27835:4629-6160(-)	d:Bacteria(1.00),p:Proteobacteria(1.00),c:Gammaproteobacteria(1.00),o:Pseudomonadales(1.00),f:SAR86_clade(1.00),g:SAR86_clade(1.00),s:uncultured_bacterium(0.60)	+
RAS_WSC_08_1819_1-read-32522:3097-4628(-)	d:Bacteria(1.00),p:Proteobacteria(1.00),c:Gammaproteobacteria(1.00),o:Pseudomonadales(1.00),f:SAR86_clade(1.00),g:SAR86_clade(1.00),s:uncultured_bacterium(0.71)	+
RAS_WSC_08_1819_1-read-47181:2962-4493(-)	d:Bacteria(1.00),p:Proteobacteria(1.00),c:Gammaproteobacteria(1.00),o:Pseudomonadales(1.00),f:SAR86_clade(1.00),g:SAR86_clade(1.00),s:uncultured_marine(0.28)	+
RAS_WSC_08_1819_1-read-99911:261-1792(-)	d:Bacteria(1.00),p:Proteobacteria(1.00),c:Gammaproteobacteria(1.00),o:Pseudomonadales(1.00),f:SAR86_clade(1.00),g:SAR86_clade(1.00),s:uncultured_marine(0.19)	+
RAS_WSC_08_1819_1-read-140972:2414-3945(+)	d:Bacteria(1.00),p:Proteobacteria(1.00),c:Gammaproteobacteria(1.00),o:Pseudomonadales(1.00),f:SAR86_clade(1.00),g:SAR86_clade(1.00),s:uncultured_bacterium(0.69)	+
RAS_WSC_08_1819_1-read-66355:3246-4777(-)	d:Bacteria(1.00),p:Proteobacteria(1.00),c:Gammaproteobacteria(1.00),o:Pseudomonadales(1.00),f:SAR86_clade(1.00),g:SAR86_clade(1.00),s:uncultured_bacterium(0.75)	+
RAS_WSC_08_1819_1-read-98984:1728-3259(-)	d:Bacteria(1.00),p:Proteobacteria(1.00),c:Gammaproteobacteria(1.00),o:Pseudomonadales(1.00),f:SAR86_clade(1.00),g:SAR86_clade(1.00),s:uncultured_bacterium(0.42)	+
RAS_WSC_08_1819_1-read-146433:4671-6202(-)	d:Bacteria(1.00),p:Proteobacteria(1.00),c:Gammaproteobacteria(1.00),o:Pseudomonadales(1.00),f:SAR86_clade(1.00),g:SAR86_clade(1.00),s:uncultured_marine(0.36)	+
RAS_WSC_08_1819_1-read-145482:5343-6874(+)	d:Bacteria(1.00),p:Proteobacteria(1.00),c:Gammaproteobacteria(1.00),o:Pseudomonadales(1.00),f:SAR86_clade(1.00),g:SAR86_clade(1.00),s:uncultured_bacterium(0.63)	+
RAS_WSC_08_1819_1-read-4071:8882-10411(-)	d:Bacteria(1.00),p:Proteobacteria(1.00),c:Gammaproteobacteria(1.00),o:Pseudomonadales(1.00),f:SAR86_clade(1.00),g:SAR86_clade(1.00),s:uncultured_bacterium(0.63)	+
RAS_WSC_08_1819_1-read-138861:2436-3942(-)	d:Bacteria(1.00),p:Proteobacteria(1.00),c:Alphaproteobacteria(1.00),o:Rhodospirillales(1.00),f:Magnetospiraceae(1.00),g:uncultured(1.00),s:uncultured_bacterium(0.81)	+
RAS_WSC_08_1819_1-read-46091:3462-4999(-)	d:Bacteria(1.00),p:Proteobacteria(1.00),c:Gammaproteobacteria(1.00),o:Pseudomonadales(1.00),f:Pseudohongiellaceae(1.00),g:Pseudohongiella(1.00),s:uncultured_gamma(0.44)	+
RAS_WSC_08_1819_1-read-18157:2155-3685(-)	d:Bacteria(1.00),p:Proteobacteria(1.00),c:Gammaproteobacteria(1.00),o:Pseudomonadales(1.00),f:SAR86_clade(1.00),g:SAR86_clade(1.00),s:uncultured_SAR86(0.32)	+
RAS_WSC_08_1819_1-read-143221:39-1573(-)	d:Bacteria(1.00),p:Proteobacteria(1.00),c:Gammaproteobacteria(1.00),o:Pseudomonadales(1.00),f:SAR86_clade(1.00),g:SAR86_clade(1.00),s:uncultured_marine(0.43)	+
RAS_WSC_08_1819_1-read-79668:3238-4773(-)	d:Bacteria(1.00),p:Proteobacteria(1.00),c:Gammaproteobacteria(1.00),o:Pseudomonadales(1.00),f:OM182_clade(1.00),g:OM182_clade(1.00),s:marine_gamma(0.82)	+
RAS_WSC_08_1819_1-read-14032:1424-2954(+)	d:Bacteria(1.00),p:Proteobacteria(1.00),c:Gammaproteobacteria(1.00),o:Pseudomonadales(1.00),f:SAR86_clade(1.00),g:SAR86_clade(1.00),s:uncultured_bacterium(0.66)	+
RAS_WSC_08_1819_1-read-35691:5750-7279(-)	d:Bacteria(1.00),p:Proteobacteria(1.00),c:Gammaproteobacteria(1.00),o:Pseudomonadales(1.00),f:SAR86_clade(1.00),g:SAR86_clade(1.00),s:uncultured_bacterium(0.69)	+
RAS_WSC_08_1819_1-read-107028:4459-6011(+)	d:Bacteria(1.00),p:Verrucomicrobiota(1.00),c:Verrucomicrobiae(1.00),o:Opitutales(1.00),f:Puniceicoccaceae(1.00),g:Lentimonas(1.00),s:seawater_metagenome(0.98)	+
RAS_WSC_08_1819_1-read-9551:2302-3825(+)	d:Bacteria(1.00),p:Actinobacteriota(1.00),c:Acidimicrobiia(1.00),o:Actinomarinales(1.00),f:Actinomarinaceae(1.00),g:Candidatus_Actinomarina(1.00),s:marine_metagenome(0.32)	+
RAS_WSC_08_1819_1-read-31501:992-2515(-)	d:Bacteria(1.00),p:Actinobacteriota(1.00),c:Acidimicrobiia(1.00),o:Actinomarinales(1.00),f:Actinomarinaceae(1.00),g:Candidatus_Actinomarina(1.00),s:uncultured_marine(0.27)	+
RAS_WSC_08_1819_1-read-64878:3934-5466(-)	d:Bacteria(1.00),p:Proteobacteria(1.00),c:Gammaproteobacteria(1.00),o:Pseudomonadales(1.00),f:Pseudohongiellaceae(1.00),g:Pseudohongiella(1.00),s:uncultured_gamma(0.41)	+
RAS_WSC_08_1819_1-read-61568:2814-4366(-)	d:Bacteria(1.00),p:Verrucomicrobiota(1.00),c:Verrucomicrobiae(1.00),o:Opitutales(1.00),f:Puniceicoccaceae(1.00),g:Lentimonas(1.00),s:seawater_metagenome(1.00)	+
RAS_WSC_08_1819_1-read-99377:1792-3344(-)	d:Bacteria(1.00),p:Verrucomicrobiota(1.00),c:Verrucomicrobiae(1.00),o:Opitutales(1.00),f:Puniceicoccaceae(1.00),g:Lentimonas(1.00),s:seawater_metagenome(0.98)	+
RAS_WSC_08_1819_1-read-62500:1663-3215(-)	d:Bacteria(1.00),p:Verrucomicrobiota(1.00),c:Verrucomicrobiae(1.00),o:Opitutales(1.00),f:Puniceicoccaceae(1.00),g:Lentimonas(1.00),s:seawater_metagenome(1.00)	+
RAS_WSC_08_1819_1-read-43876:326-1879(+)	d:Bacteria(1.00),p:Verrucomicrobiota(1.00),c:Verrucomicrobiae(1.00),o:Opitutales(1.00),f:Puniceicoccaceae(1.00),g:Lentimonas(1.00),s:uncultured_bacterium(0.55)	+
RAS_WSC_08_1819_1-read-45004:5672-7225(-)	d:Bacteria(1.00),p:Verrucomicrobiota(1.00),c:Verrucomicrobiae(1.00),o:Opitutales(1.00),f:Puniceicoccaceae(1.00),g:Lentimonas(1.00),s:uncultured_bacterium(0.59)	+
RAS_WSC_08_1819_1-read-67211:2421-3879(+)	d:Bacteria(1.00),p:Proteobacteria(1.00),c:Alphaproteobacteria(1.00),o:Rhodobacterales(1.00),f:Rhodobacteraceae(1.00),g:uncultured(1.00),s:uncultured_bacterium(0.62)	+
RAS_WSC_08_1819_1-read-139829:2232-3758(-)	d:Bacteria(1.00),p:Proteobacteria(1.00),c:Gammaproteobacteria(1.00),o:Pseudomonadales(1.00),f:SAR86_clade(1.00),g:SAR86_clade(1.00),s:uncultured_bacterium(0.19)	+
RAS_WSC_08_1819_1-read-135384:1239-2768(+)	d:Bacteria(1.00),p:Proteobacteria(1.00),c:Gammaproteobacteria(1.00),o:Pseudomonadales(1.00),f:SAR86_clade(1.00),g:SAR86_clade(1.00),s:uncultured_bacterium(0.61)	+
RAS_WSC_08_1819_1-read-35638:7021-8544(+)	d:Bacteria(1.00),p:Actinobacteriota(1.00),c:Acidimicrobiia(1.00),o:Actinomarinales(1.00),f:Actinomarinaceae(1.00),g:Candidatus_Actinomarina(1.00),s:uncultured_bacterium(0.22)	+
RAS_WSC_08_1819_1-read-56829:3639-5188(+)	d:Bacteria(1.00),p:Verrucomicrobiota(1.00),c:Verrucomicrobiae(1.00),o:Opitutales(1.00),f:Puniceicoccaceae(1.00),g:Lentimonas(1.00),s:seawater_metagenome(1.00)	+
RAS_WSC_08_1819_1-read-49470:4939-6460(+)	d:Bacteria(1.00),p:Proteobacteria(1.00),c:Gammaproteobacteria(1.00),o:Pseudomonadales(1.00),f:KI89A_clade(1.00),g:KI89A_clade(1.00),s:uncultured_bacterium(0.90)	+
RAS_WSC_08_1819_1-read-25448:238-1718(+)	d:Bacteria(1.00),p:Proteobacteria(1.00),c:Alphaproteobacteria(1.00),o:Rhodospirillales(1.00),f:AEGEAN-169_marine_group(1.00),g:AEGEAN-169_marine_group(1.00),s:marine_metagenome(0.71)	+
RAS_WSC_08_1819_1-read-106799:482-2013(+)	d:Bacteria(1.00),p:Proteobacteria(1.00),c:Gammaproteobacteria(1.00),o:Pseudomonadales(1.00),f:SAR86_clade(1.00),g:SAR86_clade(1.00),s:uncultured_marine(0.40)	+
RAS_WSC_08_1819_1-read-133878:14-1473(-)	d:Bacteria(1.00),p:Proteobacteria(1.00),c:Alphaproteobacteria(1.00),o:Rhodobacterales(1.00),f:Rhodobacteraceae(1.00),g:Planktomarina(0.93),s:uncultured_Alphaproteobacteria(0.17)	+
RAS_WSC_08_1819_1-read-111292:95-1556(-)	d:Bacteria(1.00),p:Proteobacteria(1.00),c:Alphaproteobacteria(1.00),o:Rhodobacterales(1.00),f:Rhodobacteraceae(1.00),g:Planktomarina(0.96),s:uncultured_marine(0.57)	+
RAS_WSC_08_1819_1-read-77764:7386-8847(-)	d:Bacteria(1.00),p:Proteobacteria(1.00),c:Alphaproteobacteria(1.00),o:Rhodobacterales(1.00),f:Rhodobacteraceae(1.00),g:Planktomarina(0.98),s:uncultured_marine(0.55)	+
RAS_WSC_08_1819_1-read-46718:3632-5093(+)	d:Bacteria(1.00),p:Proteobacteria(1.00),c:Alphaproteobacteria(1.00),o:Rhodobacterales(1.00),f:Rhodobacteraceae(1.00),g:Planktomarina(0.96),s:Planktomarina_temperata(0.14)	+
RAS_WSC_08_1819_1-read-126203:758-2219(-)	d:Bacteria(1.00),p:Proteobacteria(1.00),c:Alphaproteobacteria(1.00),o:Rhodobacterales(1.00),f:Rhodobacteraceae(1.00),g:Planktomarina(0.97),s:uncultured_marine(0.39)	+
RAS_WSC_08_1819_1-read-44462:474-1952(-)	d:Bacteria(1.00),p:Proteobacteria(1.00),c:Alphaproteobacteria(1.00),o:Rhodospirillales(1.00),f:AEGEAN-169_marine_group(1.00),g:AEGEAN-169_marine_group(1.00),s:uncultured_bacterium(0.76)	+
RAS_WSC_08_1819_1-read-38221:4624-6105(-)	d:Bacteria(1.00),p:Proteobacteria(1.00),c:Alphaproteobacteria(1.00),o:Rhodospirillales(1.00),f:AEGEAN-169_marine_group(1.00),g:AEGEAN-169_marine_group(1.00),s:marine_metagenome(0.54)	+
RAS_WSC_08_1819_1-read-59267:3084-4545(-)	d:Bacteria(1.00),p:Proteobacteria(1.00),c:Alphaproteobacteria(1.00),o:Rhodobacterales(1.00),f:Rhodobacteraceae(1.00),g:Planktomarina(0.98),s:uncultured_marine(0.40)	+
RAS_WSC_08_1819_1-read-88679:1058-2519(-)	d:Bacteria(1.00),p:Proteobacteria(1.00),c:Alphaproteobacteria(1.00),o:Rhodobacterales(1.00),f:Rhodobacteraceae(1.00),g:Planktomarina(1.00),s:Planktomarina_temperata(0.62)	+
RAS_WSC_08_1819_1-read-86626:3701-5162(-)	d:Bacteria(1.00),p:Proteobacteria(1.00),c:Alphaproteobacteria(1.00),o:Rhodobacterales(1.00),f:Rhodobacteraceae(1.00),g:Planktomarina(0.97),s:Planktomarina_temperata(0.47)	+
RAS_WSC_08_1819_1-read-98855:478-2015(-)	d:Bacteria(1.00),p:Verrucomicrobiota(1.00),c:Verrucomicrobiae(1.00),o:Verrucomicrobiales(1.00),f:Rubritaleaceae(1.00),g:Rubritalea(1.00),s:uncultured_organism(0.28)	+
RAS_WSC_08_1819_1-read-18641:399-1936(+)	d:Bacteria(1.00),p:Verrucomicrobiota(1.00),c:Verrucomicrobiae(1.00),o:Verrucomicrobiales(1.00),f:Rubritaleaceae(1.00),g:Rubritalea(1.00),s:uncultured_organism(0.14)	+
RAS_WSC_08_1819_1-read-97971:15257-16780(+)	d:Bacteria(1.00),p:Proteobacteria(1.00),c:Gammaproteobacteria(1.00),o:Pseudomonadales(1.00),f:SAR86_clade(1.00),g:SAR86_clade(1.00),s:uncultured_bacterium(0.24)	+
RAS_WSC_08_1819_1-read-78577:738-2234(+)	d:Bacteria(1.00),p:Proteobacteria(1.00),c:Alphaproteobacteria(1.00),o:Rhodospirillales(1.00),f:Magnetospiraceae(1.00),g:Magnetospira(1.00),s:uncultured_bacterium(1.00)	+
RAS_WSC_08_1819_1-read-37865:7624-9081(-)	d:Bacteria(1.00),p:Proteobacteria(1.00),c:Alphaproteobacteria(1.00),o:Rhodobacterales(1.00),f:Rhodobacteraceae(1.00),g:Planktomarina(0.99),s:uncultured_bacterium(0.45)	+
RAS_WSC_08_1819_1-read-30076:2245-3763(-)	d:Bacteria(1.00),p:Bacteroidota(1.00),c:Bacteroidia(1.00),o:Cytophagales(1.00),f:Cyclobacteriaceae(1.00),g:Marinoscillum(1.00),s:uncultured_Cytophagia(0.81)	+
RAS_WSC_08_1819_1-read-9559:7252-8788(-)	d:Bacteria(1.00),p:Verrucomicrobiota(1.00),c:Verrucomicrobiae(1.00),o:Verrucomicrobiales(1.00),f:Rubritaleaceae(1.00),g:Rubritalea(1.00),s:uncultured_bacterium(0.72)	+
RAS_WSC_08_1819_1-read-79491:8217-9676(+)	d:Bacteria(1.00),p:Proteobacteria(1.00),c:Alphaproteobacteria(1.00),o:Rhodobacterales(1.00),f:Rhodobacteraceae(1.00),g:Planktomarina(0.99),s:uncultured_marine(0.55)	+
RAS_WSC_08_1819_1-read-8804:797-2328(-)	d:Bacteria(1.00),p:Proteobacteria(1.00),c:Gammaproteobacteria(1.00),o:Pseudomonadales(1.00),f:SAR86_clade(1.00),g:SAR86_clade(1.00),s:uncultured_gamma(0.12)	+
RAS_WSC_08_1819_1-read-4297:1189-2636(-)	d:Bacteria(1.00),p:Proteobacteria(1.00),c:Gammaproteobacteria(1.00),o:Pseudomonadales(1.00),f:OM182_clade(1.00),g:OM182_clade(1.00),s:marine_gamma(0.78)	+
RAS_WSC_08_1819_1-read-113124:766-2229(+)	d:Bacteria(1.00),p:Proteobacteria(1.00),c:Alphaproteobacteria(1.00),o:Rhodobacterales(1.00),f:Rhodobacteraceae(1.00),g:Ascidiaceihabitans(0.93),s:uncultured_bacterium(0.48)	+
RAS_WSC_08_1819_1-read-56163:5799-7262(-)	d:Bacteria(1.00),p:Proteobacteria(1.00),c:Alphaproteobacteria(1.00),o:Rhodobacterales(1.00),f:Rhodobacteraceae(1.00),g:Ascidiaceihabitans(0.87),s:uncultured_bacterium(0.52)	+
RAS_WSC_08_1819_1-read-62585:5421-6883(-)	d:Bacteria(1.00),p:Proteobacteria(1.00),c:Alphaproteobacteria(1.00),o:Rhodobacterales(1.00),f:Rhodobacteraceae(1.00),g:Tateyamaria(0.01),s:uncultured_marine(0.07)	+
RAS_WSC_08_1819_1-read-122623:4354-5892(+)	d:Bacteria(1.00),p:Verrucomicrobiota(1.00),c:Verrucomicrobiae(1.00),o:Verrucomicrobiales(1.00),f:Rubritaleaceae(1.00),g:Roseibacillus(1.00),s:Verrucomicrobia_bacterium(0.93)	+
RAS_WSC_08_1819_1-read-103067:8559-10085(-)	d:Bacteria(1.00),p:Verrucomicrobiota(1.00),c:Verrucomicrobiae(1.00),o:Verrucomicrobiales(1.00),f:Rubritaleaceae(1.00),g:Luteolibacter(1.00),s:uncultured_Verrucomicrobiaceae(0.70)	+
RAS_WSC_08_1819_1-read-107362:7006-8532(-)	d:Bacteria(1.00),p:Verrucomicrobiota(1.00),c:Verrucomicrobiae(1.00),o:Verrucomicrobiales(1.00),f:Rubritaleaceae(1.00),g:Luteolibacter(1.00),s:uncultured_Verrucomicrobiaceae(0.77)	+
RAS_WSC_08_1819_1-read-132761:3805-5331(+)	d:Bacteria(1.00),p:Verrucomicrobiota(1.00),c:Verrucomicrobiae(1.00),o:Verrucomicrobiales(1.00),f:Rubritaleaceae(1.00),g:Luteolibacter(1.00),s:uncultured_bacterium(0.21)	+
RAS_WSC_08_1819_1-read-76010:11534-13060(-)	d:Bacteria(1.00),p:Verrucomicrobiota(1.00),c:Verrucomicrobiae(1.00),o:Verrucomicrobiales(1.00),f:Rubritaleaceae(1.00),g:Luteolibacter(1.00),s:uncultured_Verrucomicrobiaceae(0.74)	+
RAS_WSC_08_1819_1-read-76501:5984-7510(-)	d:Bacteria(1.00),p:Verrucomicrobiota(1.00),c:Verrucomicrobiae(1.00),o:Verrucomicrobiales(1.00),f:Rubritaleaceae(1.00),g:Luteolibacter(1.00),s:uncultured_Verrucomicrobiaceae(0.66)	+
RAS_WSC_08_1819_1-read-9262:463-1989(+)	d:Bacteria(1.00),p:Verrucomicrobiota(1.00),c:Verrucomicrobiae(1.00),o:Verrucomicrobiales(1.00),f:Rubritaleaceae(1.00),g:Luteolibacter(1.00),s:uncultured_Verrucomicrobiaceae(0.75)	+
RAS_WSC_08_1819_1-read-95235:8873-10399(+)	d:Bacteria(1.00),p:Verrucomicrobiota(1.00),c:Verrucomicrobiae(1.00),o:Verrucomicrobiales(1.00),f:Rubritaleaceae(1.00),g:Luteolibacter(1.00),s:Luteolibacter_algae(0.02)	+
RAS_WSC_08_1819_1-read-124711:850-2319(-)	d:Bacteria(1.00),p:Proteobacteria(1.00),c:Alphaproteobacteria(1.00),o:SAR11_clade(1.00),f:Clade_II(0.98),g:Clade_II(0.98),s:marine_metagenome(0.04)	+
RAS_WSC_08_1819_1-read-65664:2279-3820(-)	d:Bacteria(1.00),p:Verrucomicrobiota(1.00),c:Verrucomicrobiae(1.00),o:Verrucomicrobiales(1.00),f:Rubritaleaceae(1.00),g:Roseibacillus(1.00),s:seawater_metagenome(1.00)	+
RAS_WSC_08_1819_1-read-139715:567-2108(+)	d:Bacteria(1.00),p:Proteobacteria(1.00),c:Gammaproteobacteria(1.00),o:Pseudomonadales(1.00),f:SAR86_clade(1.00),g:SAR86_clade(1.00),s:uncultured_bacterium(0.30)	+
RAS_WSC_08_1819_1-read-129770:4359-5821(+)	d:Bacteria(1.00),p:Proteobacteria(1.00),c:Alphaproteobacteria(1.00),o:Rhodobacterales(1.00),f:Rhodobacteraceae(1.00),g:Amylibacter(0.89),s:Rhodobacterales_bacterium(0.62)	+
RAS_WSC_08_1819_1-read-23723:3313-4775(-)	d:Bacteria(1.00),p:Proteobacteria(1.00),c:Alphaproteobacteria(1.00),o:Rhodobacterales(1.00),f:Rhodobacteraceae(1.00),g:Amylibacter(0.86),s:Rhodobacterales_bacterium(0.57)	+
RAS_WSC_08_1819_1-read-25832:4497-5959(-)	d:Bacteria(1.00),p:Proteobacteria(1.00),c:Alphaproteobacteria(1.00),o:Rhodobacterales(1.00),f:Rhodobacteraceae(1.00),g:Amylibacter(0.89),s:Rhodobacterales_bacterium(0.67)	+
RAS_WSC_08_1819_1-read-3132:3529-4991(+)	d:Bacteria(1.00),p:Proteobacteria(1.00),c:Alphaproteobacteria(1.00),o:Rhodobacterales(1.00),f:Rhodobacteraceae(1.00),g:Amylibacter(0.87),s:uncultured_bacterium(0.12)	+
RAS_WSC_08_1819_1-read-68879:5131-6593(-)	d:Bacteria(1.00),p:Proteobacteria(1.00),c:Alphaproteobacteria(1.00),o:Rhodobacterales(1.00),f:Rhodobacteraceae(1.00),g:Amylibacter(0.90),s:Rhodobacterales_bacterium(0.67)	+
RAS_WSC_08_1819_1-read-76107:4497-5959(-)	d:Bacteria(1.00),p:Proteobacteria(1.00),c:Alphaproteobacteria(1.00),o:Rhodobacterales(1.00),f:Rhodobacteraceae(1.00),g:Amylibacter(0.89),s:Rhodobacterales_bacterium(0.58)	+
RAS_WSC_08_1819_1-read-98121:46-1508(+)	d:Bacteria(1.00),p:Proteobacteria(1.00),c:Alphaproteobacteria(1.00),o:Rhodobacterales(1.00),f:Rhodobacteraceae(1.00),g:Amylibacter(0.90),s:Rhodobacterales_bacterium(0.60)	+
RAS_WSC_08_1819_1-read-94570:2646-4109(+)	d:Bacteria(1.00),p:Proteobacteria(1.00),c:Alphaproteobacteria(1.00),o:Rhodobacterales(1.00),f:Rhodobacteraceae(1.00),g:Ascidiaceihabitans(0.91),s:uncultured_bacterium(0.54)	+
RAS_WSC_08_1819_1-read-11010:2813-4352(-)	d:Bacteria(1.00),p:Verrucomicrobiota(1.00),c:Verrucomicrobiae(1.00),o:Verrucomicrobiales(1.00),f:Rubritaleaceae(1.00),g:Roseibacillus(1.00),s:Verrucomicrobia_bacterium(0.91)	+
RAS_WSC_08_1819_1-read-26336:1729-3268(-)	d:Bacteria(1.00),p:Verrucomicrobiota(1.00),c:Verrucomicrobiae(1.00),o:Verrucomicrobiales(1.00),f:Rubritaleaceae(1.00),g:Roseibacillus(1.00),s:Verrucomicrobia_bacterium(0.90)	+
RAS_WSC_08_1819_1-read-55184:3227-4688(-)	d:Bacteria(1.00),p:Proteobacteria(1.00),c:Alphaproteobacteria(1.00),o:Rhodobacterales(1.00),f:Rhodobacteraceae(1.00),g:Amylibacter(0.93),s:uncultured_Roseobacter(0.01)	+
RAS_WSC_08_1819_1-read-141536:4410-5867(+)	d:Bacteria(1.00),p:Proteobacteria(1.00),c:Gammaproteobacteria(1.00),o:Pseudomonadales(1.00),f:Pseudohongiellaceae(1.00),g:Pseudohongiella(1.00),s:Uncultured_Pseudospirillum(0.50)	+
RAS_WSC_08_1819_1-read-1096:3688-5228(-)	d:Bacteria(1.00),p:Verrucomicrobiota(1.00),c:Verrucomicrobiae(1.00),o:Verrucomicrobiales(1.00),f:Rubritaleaceae(1.00),g:Roseibacillus(1.00),s:uncultured_organism(0.71)	+
RAS_WSC_08_1819_1-read-34460:2550-4069(-)	d:Bacteria(1.00),p:Bacteroidota(1.00),c:Bacteroidia(1.00),o:Flavobacteriales(1.00),f:Cryomorphaceae(1.00),g:uncultured(1.00),s:uncultured_Sphingobacterium(0.96)	+
RAS_WSC_08_1819_1-read-113523:92-1571(-)	d:Bacteria(1.00),p:Proteobacteria(1.00),c:Alphaproteobacteria(1.00),o:SAR11_clade(1.00),f:Clade_II(0.94),g:Clade_II(0.94),s:uncultured_marine(0.68)	+
RAS_WSC_08_1819_1-read-96470:4545-6093(+)	d:Bacteria(1.00),p:Proteobacteria(1.00),c:Gammaproteobacteria(1.00),o:Pseudomonadales(1.00),f:OM182_clade(1.00),g:OM182_clade(1.00),s:marine_gamma(0.73)	+
RAS_WSC_08_1819_1-read-49626:2829-4354(-)	d:Bacteria(1.00),p:Bacteroidota(1.00),c:Bacteroidia(1.00),o:Flavobacteriales(1.00),f:Flavobacteriaceae(1.00),g:NS5_marine_group(1.00),s:uncultured_bacterium(0.97)	+
RAS_WSC_08_1819_1-read-26692:4139-5679(-)	d:Bacteria(1.00),p:Verrucomicrobiota(1.00),c:Verrucomicrobiae(1.00),o:Verrucomicrobiales(1.00),f:Rubritaleaceae(1.00),g:Roseibacillus(1.00),s:uncultured_organism(0.91)	+
RAS_WSC_08_1819_1-read-44463:678-2218(+)	d:Bacteria(1.00),p:Verrucomicrobiota(1.00),c:Verrucomicrobiae(1.00),o:Verrucomicrobiales(1.00),f:Rubritaleaceae(1.00),g:Roseibacillus(1.00),s:uncultured_organism(0.88)	+
RAS_WSC_08_1819_1-read-94974:6132-7672(-)	d:Bacteria(1.00),p:Verrucomicrobiota(1.00),c:Verrucomicrobiae(1.00),o:Verrucomicrobiales(1.00),f:Rubritaleaceae(1.00),g:Roseibacillus(1.00),s:uncultured_organism(0.90)	+
RAS_WSC_08_1819_1-read-48139:2947-4472(+)	d:Bacteria(1.00),p:Bacteroidota(1.00),c:Bacteroidia(1.00),o:Flavobacteriales(1.00),f:Flavobacteriaceae(1.00),g:NS5_marine_group(1.00),s:uncultured_bacterium(0.98)	+
RAS_WSC_08_1819_1-read-137331:2907-4432(+)	d:Bacteria(1.00),p:Bacteroidota(1.00),c:Bacteroidia(1.00),o:Flavobacteriales(1.00),f:Flavobacteriaceae(1.00),g:NS5_marine_group(1.00),s:uncultured_bacterium(0.99)	+
RAS_WSC_08_1819_1-read-130507:2014-3539(-)	d:Bacteria(1.00),p:Bacteroidota(1.00),c:Bacteroidia(1.00),o:Flavobacteriales(1.00),f:Flavobacteriaceae(1.00),g:NS4_marine_group(1.00),s:uncultured_organism(0.74)	+
RAS_WSC_08_1819_1-read-71285:7909-9379(+)	d:Bacteria(1.00),p:Proteobacteria(1.00),c:Alphaproteobacteria(1.00),o:SAR11_clade(1.00),f:Clade_I(1.00),g:Clade_Ia(0.98),s:uncultured_bacterium(0.34)	+
RAS_WSC_08_1819_1-read-108666:3971-5495(+)	d:Bacteria(1.00),p:Proteobacteria(1.00),c:Gammaproteobacteria(1.00),o:Burkholderiales(1.00),f:Methylophilaceae(1.00),g:OM43_clade(1.00),s:uncultured_bacterium(0.61)	+
RAS_WSC_08_1819_1-read-31591:3609-5079(+)	d:Bacteria(1.00),p:Proteobacteria(1.00),c:Alphaproteobacteria(1.00),o:SAR11_clade(1.00),f:Clade_I(1.00),g:Clade_Ia(0.98),s:uncultured_Pelagibacterales(0.12)	+
RAS_WSC_08_1819_1-read-36498:29-1499(-)	d:Bacteria(1.00),p:Proteobacteria(1.00),c:Alphaproteobacteria(1.00),o:SAR11_clade(1.00),f:Clade_I(1.00),g:Clade_Ia(1.00),s:uncultured_bacterium(0.25)	+
RAS_WSC_08_1819_1-read-132489:2744-4214(+)	d:Bacteria(1.00),p:Proteobacteria(1.00),c:Alphaproteobacteria(1.00),o:SAR11_clade(1.00),f:Clade_I(1.00),g:Clade_Ia(0.99),s:uncultured_bacterium(0.41)	+
RAS_WSC_08_1819_1-read-88861:1348-2818(+)	d:Bacteria(1.00),p:Proteobacteria(1.00),c:Alphaproteobacteria(1.00),o:SAR11_clade(1.00),f:Clade_I(1.00),g:Clade_Ia(0.98),s:uncultured_marine(0.24)	+
RAS_WSC_08_1819_1-read-67434:3154-4624(-)	d:Bacteria(1.00),p:Proteobacteria(1.00),c:Alphaproteobacteria(1.00),o:SAR11_clade(1.00),f:Clade_I(1.00),g:Clade_Ia(1.00),s:Candidatus_Pelagibacter(0.18)	+
RAS_WSC_08_1819_1-read-69680:2087-3557(+)	d:Bacteria(1.00),p:Proteobacteria(1.00),c:Alphaproteobacteria(1.00),o:SAR11_clade(1.00),f:Clade_I(1.00),g:Clade_Ia(0.95),s:uncultured_bacterium(0.64)	+
RAS_WSC_08_1819_1-read-45507:576-2098(+)	d:Bacteria(1.00),p:Bacteroidota(1.00),c:Bacteroidia(1.00),o:Flavobacteriales(1.00),f:Flavobacteriaceae(1.00),g:uncultured(0.99),s:uncultured_Flavobacteriia(0.67)	+
RAS_WSC_08_1819_1-read-79093:5423-6945(+)	d:Bacteria(1.00),p:Bacteroidota(1.00),c:Bacteroidia(1.00),o:Flavobacteriales(1.00),f:Flavobacteriaceae(1.00),g:uncultured(0.97),s:uncultured_Flavobacteriia(0.65)	+
RAS_WSC_08_1819_1-read-57627:0-1397(-)	d:Bacteria(1.00),p:Proteobacteria(1.00),c:Gammaproteobacteria(1.00),o:Pseudomonadales(1.00),f:Porticoccaceae(1.00),g:SAR92_clade(1.00),s:uncultured_bacterium(0.13)	+
RAS_WSC_08_1819_1-read-35508:3158-4680(+)	d:Bacteria(1.00),p:Bacteroidota(1.00),c:Bacteroidia(1.00),o:Flavobacteriales(1.00),f:Flavobacteriaceae(1.00),g:uncultured(0.97),s:uncultured_Flavobacteriia(0.50)	+
RAS_WSC_08_1819_1-read-28328:2086-3556(+)	d:Bacteria(1.00),p:Proteobacteria(1.00),c:Alphaproteobacteria(1.00),o:SAR11_clade(1.00),f:Clade_I(1.00),g:Clade_Ia(0.98),s:marine_metagenome(0.06)	+
RAS_WSC_08_1819_1-read-108818:7169-8639(+)	d:Bacteria(1.00),p:Proteobacteria(1.00),c:Alphaproteobacteria(1.00),o:SAR11_clade(1.00),f:Clade_I(1.00),g:Clade_Ia(1.00),s:uncultured_Pelagibacterales(0.56)	+
RAS_WSC_08_1819_1-read-71501:4442-5912(+)	d:Bacteria(1.00),p:Proteobacteria(1.00),c:Alphaproteobacteria(1.00),o:SAR11_clade(1.00),f:Clade_I(1.00),g:Clade_Ia(0.99),s:uncultured_bacterium(0.13)	+
RAS_WSC_08_1819_1-read-111071:4526-6047(+)	d:Bacteria(1.00),p:Bacteroidota(1.00),c:Bacteroidia(1.00),o:Flavobacteriales(1.00),f:NS7_marine_group(1.00),g:NS7_marine_group(1.00),s:uncultured_bacterium(0.61)	+
RAS_WSC_08_1819_1-read-12031:5226-6741(+)	d:Bacteria(1.00),p:Bacteroidota(1.00),c:Bacteroidia(1.00),o:Flavobacteriales(1.00),f:Cryomorphaceae(1.00),g:uncultured(1.00),s:uncultured_bacterium(1.00)	+
RAS_WSC_08_1819_1-read-84013:2380-3895(+)	d:Bacteria(1.00),p:Bacteroidota(1.00),c:Bacteroidia(1.00),o:Flavobacteriales(1.00),f:Cryomorphaceae(1.00),g:uncultured(1.00),s:uncultured_bacterium(1.00)	+
RAS_WSC_08_1819_1-read-121027:4293-5763(-)	d:Bacteria(1.00),p:Proteobacteria(1.00),c:Alphaproteobacteria(1.00),o:SAR11_clade(1.00),f:Clade_I(1.00),g:Clade_Ia(0.99),s:Candidatus_Pelagibacter(0.46)	+
RAS_WSC_08_1819_1-read-36205:1557-3028(+)	d:Bacteria(1.00),p:Proteobacteria(1.00),c:Alphaproteobacteria(1.00),o:SAR11_clade(1.00),f:Clade_I(1.00),g:Clade_Ia(1.00),s:Candidatus_Pelagibacter(0.50)	+
RAS_WSC_08_1819_1-read-111812:110-1580(+)	d:Bacteria(1.00),p:Proteobacteria(1.00),c:Alphaproteobacteria(1.00),o:SAR11_clade(1.00),f:Clade_I(1.00),g:Clade_Ia(0.99),s:uncultured_marine(0.21)	+
RAS_WSC_08_1819_1-read-119857:24-1494(+)	d:Bacteria(1.00),p:Proteobacteria(1.00),c:Alphaproteobacteria(1.00),o:SAR11_clade(1.00),f:Clade_I(1.00),g:Clade_Ia(0.98),s:uncultured_Pelagibacterales(0.08)	+
RAS_WSC_08_1819_1-read-134975:2376-3846(-)	d:Bacteria(1.00),p:Proteobacteria(1.00),c:Alphaproteobacteria(1.00),o:SAR11_clade(1.00),f:Clade_I(1.00),g:Clade_Ia(1.00),s:Candidatus_Pelagibacter(0.61)	+
RAS_WSC_08_1819_1-read-137824:4273-5743(+)	d:Bacteria(1.00),p:Proteobacteria(1.00),c:Alphaproteobacteria(1.00),o:SAR11_clade(1.00),f:Clade_I(1.00),g:Clade_Ia(1.00),s:Candidatus_Pelagibacter(0.58)	+
RAS_WSC_08_1819_1-read-141477:390-1860(-)	d:Bacteria(1.00),p:Proteobacteria(1.00),c:Alphaproteobacteria(1.00),o:SAR11_clade(1.00),f:Clade_I(1.00),g:Clade_Ia(0.97),s:Candidatus_Pelagibacter(0.55)	+
RAS_WSC_08_1819_1-read-145289:4143-5613(+)	d:Bacteria(1.00),p:Proteobacteria(1.00),c:Alphaproteobacteria(1.00),o:SAR11_clade(1.00),f:Clade_I(1.00),g:Clade_Ia(1.00),s:uncultured_bacterium(0.08)	+
RAS_WSC_08_1819_1-read-20205:7778-9248(+)	d:Bacteria(1.00),p:Proteobacteria(1.00),c:Alphaproteobacteria(1.00),o:SAR11_clade(1.00),f:Clade_I(1.00),g:Clade_Ia(0.98),s:uncultured_Pelagibacterales(0.10)	+
RAS_WSC_08_1819_1-read-2081:278-1748(-)	d:Bacteria(1.00),p:Proteobacteria(1.00),c:Alphaproteobacteria(1.00),o:SAR11_clade(1.00),f:Clade_I(1.00),g:Clade_Ia(0.99),s:uncultured_marine(0.19)	+
RAS_WSC_08_1819_1-read-24063:5955-7425(+)	d:Bacteria(1.00),p:Proteobacteria(1.00),c:Alphaproteobacteria(1.00),o:SAR11_clade(1.00),f:Clade_I(1.00),g:Clade_Ia(0.99),s:Candidatus_Pelagibacter(0.56)	+
RAS_WSC_08_1819_1-read-39179:3693-5163(-)	d:Bacteria(1.00),p:Proteobacteria(1.00),c:Alphaproteobacteria(1.00),o:SAR11_clade(1.00),f:Clade_I(1.00),g:Clade_Ia(0.99),s:Candidatus_Pelagibacter(0.53)	+
RAS_WSC_08_1819_1-read-43041:3004-4474(+)	d:Bacteria(1.00),p:Proteobacteria(1.00),c:Alphaproteobacteria(1.00),o:SAR11_clade(1.00),f:Clade_I(1.00),g:Clade_Ia(0.97),s:Candidatus_Pelagibacter(0.50)	+
RAS_WSC_08_1819_1-read-49761:3725-5195(+)	d:Bacteria(1.00),p:Proteobacteria(1.00),c:Alphaproteobacteria(1.00),o:SAR11_clade(1.00),f:Clade_I(1.00),g:Clade_Ia(1.00),s:uncultured_marine(0.19)	+
RAS_WSC_08_1819_1-read-64493:7860-9330(+)	d:Bacteria(1.00),p:Proteobacteria(1.00),c:Alphaproteobacteria(1.00),o:SAR11_clade(1.00),f:Clade_I(1.00),g:Clade_Ia(0.98),s:Candidatus_Pelagibacter(0.53)	+
RAS_WSC_08_1819_1-read-7831:2909-4379(+)	d:Bacteria(1.00),p:Proteobacteria(1.00),c:Alphaproteobacteria(1.00),o:SAR11_clade(1.00),f:Clade_I(1.00),g:Clade_Ia(0.98),s:uncultured_bacterium(0.17)	+
RAS_WSC_08_1819_1-read-94956:4502-5972(-)	d:Bacteria(1.00),p:Proteobacteria(1.00),c:Alphaproteobacteria(1.00),o:SAR11_clade(1.00),f:Clade_I(1.00),g:Clade_Ia(0.97),s:Candidatus_Pelagibacter(0.62)	+
RAS_WSC_08_1819_1-read-78042:3467-4937(+)	d:Bacteria(1.00),p:Proteobacteria(1.00),c:Alphaproteobacteria(1.00),o:SAR11_clade(1.00),f:Clade_I(1.00),g:Clade_Ia(0.99),s:uncultured_marine(0.18)	+
RAS_WSC_08_1819_1-read-11742:5829-7349(-)	d:Bacteria(1.00),p:Bacteroidota(1.00),c:Bacteroidia(1.00),o:Flavobacteriales(1.00),f:Flavobacteriaceae(1.00),g:uncultured(1.00),s:uncultured_marine(0.18)	+
RAS_WSC_08_1819_1-read-146371:1272-2792(-)	d:Bacteria(1.00),p:Bacteroidota(1.00),c:Bacteroidia(1.00),o:Flavobacteriales(1.00),f:Flavobacteriaceae(1.00),g:uncultured(0.99),s:uncultured_Flavobacteriia(0.60)	+
RAS_WSC_08_1819_1-read-76850:10959-12429(-)	d:Bacteria(1.00),p:Proteobacteria(1.00),c:Alphaproteobacteria(1.00),o:SAR11_clade(1.00),f:Clade_I(1.00),g:Clade_Ia(0.99),s:uncultured_bacterium(0.35)	+
RAS_WSC_08_1819_1-read-1456:5520-6990(-)	d:Bacteria(1.00),p:Proteobacteria(1.00),c:Alphaproteobacteria(1.00),o:SAR11_clade(1.00),f:Clade_I(1.00),g:Clade_Ia(0.99),s:Candidatus_Pelagibacter(0.21)	+
RAS_WSC_08_1819_1-read-9737:25-1495(+)	d:Bacteria(1.00),p:Proteobacteria(1.00),c:Alphaproteobacteria(1.00),o:SAR11_clade(1.00),f:Clade_I(1.00),g:Clade_Ia(0.99),s:uncultured_Pelagibacterales(0.11)	+
RAS_WSC_08_1819_1-read-92198:5314-6784(+)	d:Bacteria(1.00),p:Proteobacteria(1.00),c:Alphaproteobacteria(1.00),o:SAR11_clade(1.00),f:Clade_I(1.00),g:Clade_Ia(1.00),s:Candidatus_Pelagibacter(0.52)	+
RAS_WSC_08_1819_1-read-47930:30-1500(-)	d:Bacteria(1.00),p:Proteobacteria(1.00),c:Alphaproteobacteria(1.00),o:SAR11_clade(1.00),f:Clade_I(1.00),g:Clade_Ia(0.99),s:uncultured_bacterium(0.16)	+
RAS_WSC_08_1819_1-read-7256:6713-8183(-)	d:Bacteria(1.00),p:Proteobacteria(1.00),c:Alphaproteobacteria(1.00),o:SAR11_clade(1.00),f:Clade_I(1.00),g:Clade_Ia(0.98),s:Candidatus_Pelagibacter(0.48)	+
RAS_WSC_08_1819_1-read-87792:659-2129(+)	d:Bacteria(1.00),p:Proteobacteria(1.00),c:Alphaproteobacteria(1.00),o:SAR11_clade(1.00),f:Clade_I(1.00),g:Clade_Ia(1.00),s:Candidatus_Pelagibacter(0.51)	+
RAS_WSC_08_1819_1-read-48245:2511-4031(+)	d:Bacteria(1.00),p:Bacteroidota(1.00),c:Bacteroidia(1.00),o:Flavobacteriales(1.00),f:Flavobacteriaceae(1.00),g:uncultured(1.00),s:uncultured_marine(0.29)	+
RAS_WSC_08_1819_1-read-51968:2240-3760(-)	d:Bacteria(1.00),p:Bacteroidota(1.00),c:Bacteroidia(1.00),o:Flavobacteriales(1.00),f:Flavobacteriaceae(1.00),g:uncultured(1.00),s:uncultured_Flavobacteriia(0.58)	+
RAS_WSC_08_1819_1-read-80634:2958-4478(-)	d:Bacteria(1.00),p:Bacteroidota(1.00),c:Bacteroidia(1.00),o:Flavobacteriales(1.00),f:Flavobacteriaceae(1.00),g:uncultured(1.00),s:uncultured_Flavobacteriia(0.48)	+
RAS_WSC_08_1819_1-read-79865:3484-4954(-)	d:Bacteria(1.00),p:Proteobacteria(1.00),c:Alphaproteobacteria(1.00),o:SAR11_clade(1.00),f:Clade_I(1.00),g:Clade_Ia(0.98),s:Candidatus_Pelagibacter(0.55)	+
RAS_WSC_08_1819_1-read-103022:2622-4142(-)	d:Bacteria(1.00),p:Bacteroidota(1.00),c:Bacteroidia(1.00),o:Flavobacteriales(1.00),f:Flavobacteriaceae(1.00),g:uncultured(1.00),s:uncultured_Flavobacteriales(0.05)	+
RAS_WSC_08_1819_1-read-50496:1679-3199(-)	d:Bacteria(1.00),p:Bacteroidota(1.00),c:Bacteroidia(1.00),o:Flavobacteriales(1.00),f:Flavobacteriaceae(1.00),g:uncultured(1.00),s:uncultured_Flavobacteriia(0.60)	+
RAS_WSC_08_1819_1-read-47940:2834-4304(+)	d:Bacteria(1.00),p:Proteobacteria(1.00),c:Alphaproteobacteria(1.00),o:SAR11_clade(1.00),f:Clade_I(1.00),g:Clade_Ia(0.99),s:Candidatus_Pelagibacter(0.54)	+
RAS_WSC_08_1819_1-read-104064:764-2234(-)	d:Bacteria(1.00),p:Proteobacteria(1.00),c:Alphaproteobacteria(1.00),o:SAR11_clade(1.00),f:Clade_I(1.00),g:Clade_Ia(0.98),s:uncultured_bacterium(0.21)	+
RAS_WSC_08_1819_1-read-102385:2910-4380(+)	d:Bacteria(1.00),p:Proteobacteria(1.00),c:Alphaproteobacteria(1.00),o:SAR11_clade(1.00),f:Clade_I(1.00),g:Clade_Ia(0.99),s:Candidatus_Pelagibacter(0.16)	+
RAS_WSC_08_1819_1-read-57657:2642-4112(+)	d:Bacteria(1.00),p:Proteobacteria(1.00),c:Alphaproteobacteria(1.00),o:SAR11_clade(1.00),f:Clade_I(1.00),g:Clade_Ia(0.97),s:Candidatus_Pelagibacter(0.39)	+
RAS_WSC_08_1819_1-read-35297:6576-8046(-)	d:Bacteria(1.00),p:Proteobacteria(1.00),c:Alphaproteobacteria(1.00),o:SAR11_clade(1.00),f:Clade_I(0.99),g:Clade_Ia(0.96),s:uncultured_marine(0.19)	+
RAS_WSC_08_1819_1-read-49789:1349-2819(+)	d:Bacteria(1.00),p:Proteobacteria(1.00),c:Alphaproteobacteria(1.00),o:SAR11_clade(1.00),f:Clade_I(1.00),g:Clade_Ia(0.98),s:Candidatus_Pelagibacter(0.49)	+
RAS_WSC_08_1819_1-read-62074:6075-7545(+)	d:Bacteria(1.00),p:Proteobacteria(1.00),c:Alphaproteobacteria(1.00),o:SAR11_clade(1.00),f:Clade_I(1.00),g:Clade_Ia(1.00),s:Candidatus_Pelagibacter(0.64)	+
RAS_WSC_08_1819_1-read-61417:681-2151(-)	d:Bacteria(1.00),p:Proteobacteria(1.00),c:Alphaproteobacteria(1.00),o:SAR11_clade(1.00),f:Clade_I(1.00),g:Clade_Ia(0.99),s:uncultured_marine(0.18)	+
RAS_WSC_08_1819_1-read-137880:6490-8009(+)	d:Bacteria(1.00),p:Bacteroidota(1.00),c:Bacteroidia(1.00),o:Flavobacteriales(1.00),f:Flavobacteriaceae(1.00),g:uncultured(1.00),s:uncultured_Flavobacteriia(0.81)	+
RAS_WSC_08_1819_1-read-22446:2860-4330(+)	d:Bacteria(1.00),p:Proteobacteria(1.00),c:Alphaproteobacteria(1.00),o:SAR11_clade(1.00),f:Clade_I(1.00),g:Clade_Ia(0.98),s:Candidatus_Pelagibacter(0.50)	+
RAS_WSC_08_1819_1-read-41812:6132-7580(+)	d:Bacteria(1.00),p:Proteobacteria(1.00),c:Gammaproteobacteria(1.00),o:Pseudomonadales(1.00),f:SAR86_clade(1.00),g:SAR86_clade(1.00),s:uncultured_marine(0.48)	+
RAS_WSC_08_1819_1-read-54241:68-1593(-)	d:Bacteria(1.00),p:Bacteroidota(1.00),c:Bacteroidia(1.00),o:Flavobacteriales(1.00),f:Flavobacteriaceae(1.00),g:NS5_marine_group(1.00),s:uncultured_Flavobacteriia(0.90)	+
RAS_WSC_08_1819_1-read-51146:6030-7500(+)	d:Bacteria(1.00),p:Proteobacteria(1.00),c:Alphaproteobacteria(1.00),o:SAR11_clade(1.00),f:Clade_I(1.00),g:Clade_Ia(0.99),s:uncultured_bacterium(0.20)	+
RAS_WSC_08_1819_1-read-50320:4862-6383(-)	d:Bacteria(1.00),p:Bacteroidota(1.00),c:Bacteroidia(1.00),o:Flavobacteriales(1.00),f:Flavobacteriaceae(1.00),g:uncultured(1.00),s:uncultured_Ulvibacter(0.05)	+
RAS_WSC_08_1819_1-read-35941:4382-5851(-)	d:Bacteria(1.00),p:Proteobacteria(1.00),c:Alphaproteobacteria(1.00),o:SAR11_clade(1.00),f:Clade_I(1.00),g:Clade_Ia(0.99),s:uncultured_bacterium(0.15)	+
RAS_WSC_08_1819_1-read-121809:700-2169(+)	d:Bacteria(1.00),p:Proteobacteria(1.00),c:Alphaproteobacteria(1.00),o:SAR11_clade(1.00),f:Clade_I(1.00),g:Clade_Ia(0.99),s:Candidatus_Pelagibacter(0.49)	+
RAS_WSC_08_1819_1-read-43971:7061-8530(-)	d:Bacteria(1.00),p:Proteobacteria(1.00),c:Alphaproteobacteria(1.00),o:SAR11_clade(1.00),f:Clade_I(1.00),g:Clade_Ia(0.97),s:Candidatus_Pelagibacter(0.51)	+
RAS_WSC_08_1819_1-read-82297:6938-8460(+)	d:Bacteria(1.00),p:Bacteroidota(1.00),c:Bacteroidia(1.00),o:Flavobacteriales(1.00),f:Flavobacteriaceae(1.00),g:NS5_marine_group(1.00),s:uncultured_bacterium(0.84)	+
RAS_WSC_08_1819_1-read-123898:2649-4120(-)	d:Bacteria(1.00),p:Proteobacteria(1.00),c:Alphaproteobacteria(1.00),o:SAR11_clade(1.00),f:Clade_I(1.00),g:Clade_Ia(1.00),s:uncultured_Pelagibacterales(0.15)	+
RAS_WSC_08_1819_1-read-144429:506-1975(-)	d:Bacteria(1.00),p:Proteobacteria(1.00),c:Alphaproteobacteria(1.00),o:SAR11_clade(1.00),f:Clade_I(1.00),g:Clade_Ia(0.99),s:uncultured_marine(0.20)	+
RAS_WSC_08_1819_1-read-60276:3696-5221(+)	d:Bacteria(1.00),p:Verrucomicrobiota(1.00),c:Verrucomicrobiae(1.00),o:Verrucomicrobiales(1.00),f:Rubritaleaceae(1.00),g:Luteolibacter(1.00),s:uncultured_Verrucomicrobiaceae(0.71)	+
RAS_WSC_08_1819_1-read-17676:3935-5447(+)	d:Bacteria(1.00),p:Bacteroidota(1.00),c:Bacteroidia(1.00),o:Flavobacteriales(1.00),f:Flavobacteriaceae(1.00),g:Aurantivirga(0.98),s:Flavobacterium_sp.(0.90)	+
RAS_WSC_08_1819_1-read-97897:1330-2848(-)	d:Bacteria(1.00),p:Bacteroidota(1.00),c:Bacteroidia(1.00),o:Flavobacteriales(1.00),f:Flavobacteriaceae(1.00),g:uncultured(1.00),s:uncultured_Flavobacteriia(0.57)	+
RAS_WSC_08_1819_1-read-44705:2038-3511(+)	d:Bacteria(1.00),p:Proteobacteria(1.00),c:Alphaproteobacteria(1.00),o:SAR11_clade(1.00),f:Clade_I(1.00),g:Clade_Ia(1.00),s:uncultured_Pelagibacterales(0.11)	+
RAS_WSC_08_1819_1-read-104491:2704-4241(-)	d:Bacteria(1.00),p:Proteobacteria(1.00),c:Gammaproteobacteria(1.00),o:Pseudomonadales(1.00),f:SAR86_clade(1.00),g:SAR86_clade(1.00),s:gamma_proteobacterium(0.14)	+
RAS_WSC_08_1819_1-read-118700:2-1417(+)	d:Bacteria(1.00),p:Proteobacteria(1.00),c:Gammaproteobacteria(1.00),o:Pseudomonadales(1.00),f:Pseudohongiellaceae(1.00),g:Pseudohongiella(1.00),s:uncultured_bacterium(0.42)	+
RAS_WSC_08_1819_1-read-48071:3331-4849(+)	d:Bacteria(1.00),p:Bacteroidota(1.00),c:Bacteroidia(1.00),o:Flavobacteriales(1.00),f:Flavobacteriaceae(1.00),g:NS2b_marine_group(1.00),s:marine_metagenome(0.44)	+
RAS_WSC_08_1819_1-read-71666:1219-2693(+)	d:Bacteria(1.00),p:Proteobacteria(1.00),c:Alphaproteobacteria(1.00),o:SAR11_clade(1.00),f:Clade_I(1.00),g:Clade_Ia(1.00),s:Candidatus_Pelagibacter(0.54)	+
RAS_WSC_08_1819_1-read-35629:4978-6447(-)	d:Bacteria(1.00),p:Proteobacteria(1.00),c:Alphaproteobacteria(1.00),o:SAR11_clade(1.00),f:Clade_I(1.00),g:Clade_Ia(0.98),s:uncultured_marine(0.18)	+
RAS_WSC_08_1819_1-read-92921:1182-2650(+)	d:Bacteria(1.00),p:Proteobacteria(1.00),c:Alphaproteobacteria(1.00),o:SAR11_clade(1.00),f:Clade_I(1.00),g:Clade_Ia(1.00),s:uncultured_Pelagibacterales(0.10)	+
RAS_WSC_08_1819_1-read-112979:4086-5602(-)	d:Bacteria(1.00),p:Bacteroidota(1.00),c:Bacteroidia(1.00),o:Flavobacteriales(1.00),f:Flavobacteriaceae(1.00),g:Ulvibacter(0.99),s:uncultured_bacterium(0.98)	+
RAS_WSC_08_1819_1-read-135929:2785-4301(-)	d:Bacteria(1.00),p:Bacteroidota(1.00),c:Bacteroidia(1.00),o:Flavobacteriales(1.00),f:Flavobacteriaceae(1.00),g:Ulvibacter(1.00),s:uncultured_bacterium(0.97)	+
RAS_WSC_08_1819_1-read-94423:2633-4149(+)	d:Bacteria(1.00),p:Bacteroidota(1.00),c:Bacteroidia(1.00),o:Flavobacteriales(1.00),f:Flavobacteriaceae(1.00),g:Ulvibacter(1.00),s:uncultured_bacterium(0.96)	+
RAS_WSC_08_1819_1-read-16480:3139-4606(+)	d:Bacteria(1.00),p:Proteobacteria(1.00),c:Alphaproteobacteria(1.00),o:SAR11_clade(1.00),f:Clade_I(1.00),g:Clade_Ia(0.94),s:uncultured_Pelagibacterales(0.13)	+
RAS_WSC_08_1819_1-read-431:292-1760(+)	d:Bacteria(1.00),p:Proteobacteria(1.00),c:Alphaproteobacteria(1.00),o:SAR11_clade(1.00),f:Clade_I(1.00),g:Clade_Ia(1.00),s:uncultured_marine(0.30)	+
RAS_WSC_08_1819_1-read-77923:4288-5755(-)	d:Bacteria(1.00),p:Proteobacteria(1.00),c:Alphaproteobacteria(1.00),o:SAR11_clade(1.00),f:Clade_I(1.00),g:Clade_Ia(0.98),s:uncultured_Alphaproteobacteria(0.03)	+
RAS_WSC_08_1819_1-read-69975:1946-3467(+)	d:Bacteria(1.00),p:Bacteroidota(1.00),c:Bacteroidia(1.00),o:Flavobacteriales(1.00),f:Flavobacteriaceae(1.00),g:uncultured(1.00),s:uncultured_bacterium(0.11)	+
RAS_WSC_08_1819_1-read-42134:1422-2935(+)	d:Bacteria(1.00),p:Bacteroidota(1.00),c:Bacteroidia(1.00),o:Flavobacteriales(1.00),f:Flavobacteriaceae(1.00),g:Polaribacter(1.00),s:metagenome(0.66)	+
RAS_WSC_08_1819_1-read-91562:3-1519(+)	d:Bacteria(1.00),p:Bacteroidota(1.00),c:Bacteroidia(1.00),o:Flavobacteriales(1.00),f:NS9_marine_group(1.00),g:NS9_marine_group(1.00),s:marine_metagenome(0.87)	+
RAS_WSC_08_1819_1-read-13053:5319-6843(+)	d:Bacteria(1.00),p:Bacteroidota(1.00),c:Bacteroidia(1.00),o:Flavobacteriales(1.00),f:Flavobacteriaceae(1.00),g:uncultured(1.00),s:uncultured_marine(0.29)	+
RAS_WSC_08_1819_1-read-148519:2282-3828(+)	d:Bacteria(1.00),p:Verrucomicrobiota(1.00),c:Verrucomicrobiae(1.00),o:Verrucomicrobiales(1.00),f:Rubritaleaceae(1.00),g:Roseibacillus(1.00),s:Verrucomicrobia_bacterium(0.85)	+
RAS_WSC_08_1819_1-read-72373:2752-4206(+)	d:Bacteria(1.00),p:Proteobacteria(1.00),c:Alphaproteobacteria(1.00),o:Rhodobacterales(1.00),f:Rhodobacteraceae(1.00),g:Planktomarina(0.95),s:Planktomarina_temperata(0.25)	+
RAS_WSC_08_1819_1-read-142161:1108-2577(+)	d:Bacteria(1.00),p:Proteobacteria(1.00),c:Alphaproteobacteria(1.00),o:SAR11_clade(1.00),f:Clade_I(1.00),g:Clade_Ia(0.98),s:Candidatus_Pelagibacter(0.55)	+
RAS_WSC_08_1819_1-read-131531:118-1590(+)	d:Bacteria(1.00),p:Proteobacteria(1.00),c:Alphaproteobacteria(1.00),o:SAR11_clade(1.00),f:Clade_I(1.00),g:Clade_Ia(1.00),s:Candidatus_Pelagibacter(0.51)	+
RAS_WSC_08_1819_1-read-81999:3567-5035(-)	d:Bacteria(1.00),p:Proteobacteria(1.00),c:Alphaproteobacteria(1.00),o:SAR11_clade(1.00),f:Clade_I(1.00),g:Clade_Ia(1.00),s:uncultured_bacterium(0.14)	+
RAS_WSC_08_1819_1-read-50511:4234-5689(-)	d:Bacteria(1.00),p:Proteobacteria(1.00),c:Alphaproteobacteria(1.00),o:Rhodobacterales(1.00),f:Rhodobacteraceae(1.00),g:Ascidiaceihabitans(0.91),s:uncultured_marine(0.09)	+
RAS_WSC_08_1819_1-read-64558:704-2222(+)	d:Bacteria(1.00),p:Bacteroidota(1.00),c:Bacteroidia(1.00),o:Flavobacteriales(1.00),f:Flavobacteriaceae(1.00),g:uncultured(0.99),s:uncultured_Flavobacteriia(0.57)	+
RAS_WSC_08_1819_1-read-95567:1843-3369(-)	d:Bacteria(1.00),p:Planctomycetota(1.00),c:Planctomycetes(1.00),o:Pirellulales(1.00),f:Pirellulaceae(1.00),g:uncultured(1.00),s:uncultured_bacterium(0.83)	+
RAS_WSC_08_1819_1-read-37422:2028-3473(+)	d:Bacteria(1.00),p:Proteobacteria(1.00),c:Alphaproteobacteria(1.00),o:SAR11_clade(1.00),f:Clade_I(1.00),g:Clade_Ia(0.97),s:Candidatus_Pelagibacter(0.21)	+
RAS_WSC_08_1819_1-read-80609:766-2289(-)	d:Bacteria(1.00),p:Bacteroidota(1.00),c:Bacteroidia(1.00),o:Chitinophagales(1.00),f:Saprospiraceae(1.00),g:uncultured(1.00),s:uncultured_Sphingobacteriia(0.97)	+
RAS_WSC_08_1819_1-read-128253:2735-4262(+)	d:Bacteria(1.00),p:Verrucomicrobiota(1.00),c:Verrucomicrobiae(1.00),o:Verrucomicrobiales(1.00),f:Rubritaleaceae(1.00),g:Rubritalea(1.00),s:uncultured_bacterium(0.56)	+
RAS_WSC_08_1819_1-read-15117:3327-4782(+)	d:Bacteria(1.00),p:Proteobacteria(1.00),c:Alphaproteobacteria(1.00),o:Rhodobacterales(1.00),f:Rhodobacteraceae(1.00),g:Amylibacter(0.86),s:Rhodobacterales_bacterium(0.57)	+
RAS_WSC_08_1819_1-read-103949:3097-4622(-)	d:Bacteria(1.00),p:Bacteroidota(1.00),c:Bacteroidia(1.00),o:Flavobacteriales(1.00),f:Flavobacteriaceae(1.00),g:NS5_marine_group(1.00),s:uncultured_Flavobacteriia(0.97)	+
RAS_WSC_08_1819_1-read-108280:6343-7806(-)	d:Bacteria(1.00),p:Proteobacteria(1.00),c:Alphaproteobacteria(1.00),o:SAR11_clade(1.00),f:Clade_I(1.00),g:Clade_Ia(0.97),s:Candidatus_Pelagibacter(0.52)	+
RAS_WSC_08_1819_1-read-9341:1647-3114(-)	d:Bacteria(1.00),p:Proteobacteria(1.00),c:Alphaproteobacteria(1.00),o:SAR11_clade(1.00),f:Clade_I(1.00),g:Clade_Ia(0.98),s:Candidatus_Pelagibacter(0.43)	+
RAS_WSC_08_1819_1-read-5133:2312-3823(-)	d:Bacteria(1.00),p:Bacteroidota(1.00),c:Bacteroidia(1.00),o:Flavobacteriales(1.00),f:Flavobacteriaceae(1.00),g:Formosa(0.98),s:uncultured_marine(0.45)	+
RAS_WSC_08_1819_1-read-121406:2775-4303(+)	d:Bacteria(1.00),p:Verrucomicrobiota(1.00),c:Verrucomicrobiae(1.00),o:Verrucomicrobiales(1.00),f:Rubritaleaceae(1.00),g:Luteolibacter(1.00),s:uncultured_Verrucomicrobiaceae(0.82)	+
RAS_WSC_08_1819_1-read-58764:2814-4328(+)	d:Bacteria(1.00),p:Bacteroidota(1.00),c:Bacteroidia(1.00),o:Flavobacteriales(1.00),f:Flavobacteriaceae(1.00),g:uncultured(1.00),s:uncultured_marine(0.24)	+
RAS_WSC_08_1819_1-read-54079:2958-4501(-)	d:Bacteria(1.00),p:Verrucomicrobiota(1.00),c:Verrucomicrobiae(1.00),o:Verrucomicrobiales(1.00),f:Rubritaleaceae(1.00),g:Luteolibacter(1.00),s:uncultured_Verrucomicrobiaceae(0.69)	+
RAS_WSC_08_1819_1-read-24512:2267-3782(-)	d:Bacteria(1.00),p:Bacteroidota(1.00),c:Bacteroidia(1.00),o:Flavobacteriales(1.00),f:Flavobacteriaceae(1.00),g:uncultured(1.00),s:uncultured_marine(0.24)	+
RAS_WSC_08_1819_1-read-65285:14-1417(+)	d:Bacteria(1.00),p:Proteobacteria(1.00),c:Alphaproteobacteria(1.00),o:Puniceispirillales(1.00),f:SAR116_clade(1.00),g:SAR116_clade(1.00),s:uncultured_bacterium(0.58)	+
RAS_WSC_08_1819_1-read-70738:2597-4132(+)	d:Bacteria(1.00),p:Bacteroidota(1.00),c:Bacteroidia(1.00),o:Flavobacteriales(1.00),f:Flavobacteriaceae(1.00),g:NS5_marine_group(1.00),s:uncultured_bacterium(0.97)	+
RAS_WSC_08_1819_1-read-97233:1430-2891(+)	d:Bacteria(1.00),p:Proteobacteria(1.00),c:Alphaproteobacteria(1.00),o:SAR11_clade(1.00),f:Clade_I(1.00),g:Clade_Ia(0.99),s:uncultured_marine(0.35)	+
RAS_WSC_08_1819_1-read-136417:6869-8337(+)	d:Bacteria(1.00),p:Bacteroidota(1.00),c:Bacteroidia(1.00),o:Flavobacteriales(1.00),f:Flavobacteriaceae(1.00),g:Ulvibacter(1.00),s:uncultured_bacterium(0.92)	+
RAS_WSC_08_1819_1-read-67037:3681-5066(-)	d:Bacteria(1.00),p:Proteobacteria(1.00),c:Alphaproteobacteria(1.00),o:SAR11_clade(1.00),f:Clade_I(1.00),g:Clade_Ia(0.98),s:Candidatus_Pelagibacter(0.50)	+
RAS_WSC_08_1819_1-read-81558:8392-9921(-)	d:Bacteria(1.00),p:Bacteroidota(1.00),c:Bacteroidia(1.00),o:Flavobacteriales(1.00),f:Flavobacteriaceae(1.00),g:NS5_marine_group(1.00),s:uncultured_bacterium(0.91)	+
RAS_WSC_08_1819_1-read-96769:3878-5423(-)	d:Bacteria(1.00),p:Verrucomicrobiota(1.00),c:Verrucomicrobiae(1.00),o:Verrucomicrobiales(1.00),f:Rubritaleaceae(1.00),g:Luteolibacter(1.00),s:uncultured_Verrucomicrobiaceae(0.78)	+
RAS_WSC_08_1819_1-read-72970:1-1352(+)	d:Bacteria(1.00),p:Proteobacteria(1.00),c:Alphaproteobacteria(1.00),o:Rhodobacterales(1.00),f:Rhodobacteraceae(1.00),g:Amylibacter(0.86),s:uncultured_Alphaproteobacteria(0.03)	+
RAS_WSC_08_1819_1-read-75405:6226-7647(+)	d:Bacteria(1.00),p:Bacteroidota(1.00),c:Bacteroidia(1.00),o:Flavobacteriales(1.00),f:Flavobacteriaceae(1.00),g:Polaribacter(1.00),s:uncultured_Bacteroidetes(0.23)	+
RAS_WSC_08_1819_1-read-80164:3064-4427(-)	d:Bacteria(1.00),p:Proteobacteria(1.00),c:Alphaproteobacteria(1.00),o:SAR11_clade(1.00),f:Clade_I(1.00),g:Clade_Ia(0.99),s:Candidatus_Pelagibacter(0.43)	+
RAS_WSC_08_1819_1-read-101211:5388-6748(+)	d:Bacteria(1.00),p:Proteobacteria(1.00),c:Gammaproteobacteria(1.00),o:Pseudomonadales(1.00),f:SAR86_clade(1.00),g:SAR86_clade(1.00),s:uncultured_marine(0.52)	+
RAS_WSC_08_1819_1-read-12169:2946-4298(+)	d:Bacteria(1.00),p:Proteobacteria(1.00),c:Alphaproteobacteria(1.00),o:SAR11_clade(1.00),f:Clade_I(0.99),g:Clade_Ia(0.97),s:uncultured_Pelagibacterales(0.13)	+
RAS_WSC_08_1819_1-read-129443:5643-6990(+)	d:Bacteria(1.00),p:Proteobacteria(1.00),c:Alphaproteobacteria(1.00),o:SAR11_clade(1.00),f:Clade_II(0.97),g:Clade_II(0.97),s:uncultured_bacterium(0.26)	+
RAS_WSC_08_1819_1-read-128612:3-1372(+)	d:Bacteria(1.00),p:Proteobacteria(1.00),c:Alphaproteobacteria(1.00),o:SAR11_clade(1.00),f:Clade_I(1.00),g:Clade_Ia(0.99),s:uncultured_marine(0.11)	+
RAS_WSC_08_1819_1-read-140721:0-1351(-)	d:Bacteria(1.00),p:Proteobacteria(1.00),c:Alphaproteobacteria(1.00),o:SAR11_clade(1.00),f:Clade_I(0.99),g:Clade_Ia(0.93),s:uncultured_Alphaproteobacteria(0.12)	+
RAS_WSC_08_1819_1-read-7465:1-1345(-)	d:Bacteria(1.00),p:Proteobacteria(1.00),c:Gammaproteobacteria(1.00),o:Pseudomonadales(1.00),f:SAR86_clade(1.00),g:SAR86_clade(1.00),s:uncultured_marine(0.40)	+
RAS_WSC_08_1819_1-read-14914:4-1380(+)	d:Bacteria(1.00),p:Bacteroidota(1.00),c:Bacteroidia(1.00),o:Flavobacteriales(1.00),f:Flavobacteriaceae(1.00),g:NS5_marine_group(1.00),s:uncultured_marine(0.13)	+
RAS_WSC_08_1819_1-read-133685:0-1284(+)	d:Bacteria(1.00),p:Proteobacteria(1.00),c:Gammaproteobacteria(1.00),o:Pseudomonadales(1.00),f:SAR86_clade(1.00),g:SAR86_clade(1.00),s:uncultured_marine(0.14)	+
RAS_WSC_08_1819_1-read-79238:6597-7849(-)	d:Bacteria(1.00),p:Proteobacteria(1.00),c:Alphaproteobacteria(1.00),o:Rhodobacterales(1.00),f:Rhodobacteraceae(1.00),g:Ascidiaceihabitans(0.79),s:uncultured_bacterium(0.50)	+
RAS_WSC_08_1819_1-read-102300:1-1299(-)	d:Bacteria(1.00),p:Proteobacteria(1.00),c:Gammaproteobacteria(1.00),o:Pseudomonadales(1.00),f:Nitrincolaceae(1.00),g:uncultured(1.00),s:uncultured_marine(0.47)	+
RAS_WSC_08_1819_1-read-115545:0-1394(-)	d:Bacteria(1.00),p:Bacteroidota(1.00),c:Bacteroidia(1.00),o:Flavobacteriales(1.00),f:Flavobacteriaceae(1.00),g:NS5_marine_group(1.00),s:uncultured_bacterium(0.89)	+
RAS_WSC_08_1819_1-read-104298:4192-5509(+)	d:Bacteria(1.00),p:Proteobacteria(1.00),c:Alphaproteobacteria(1.00),o:SAR11_clade(1.00),f:Clade_I(1.00),g:Clade_Ia(0.97),s:uncultured_bacterium(0.58)	+
RAS_WSC_08_1819_1-read-118763:0-1279(-)	d:Bacteria(1.00),p:Proteobacteria(1.00),c:Alphaproteobacteria(1.00),o:Rhodobacterales(1.00),f:Rhodobacteraceae(1.00),g:Ascidiaceihabitans(0.81),s:uncultured_bacterium(0.62)	+
RAS_WSC_08_1819_1-read-41412:0-1262(-)	d:Bacteria(1.00),p:Proteobacteria(1.00),c:Alphaproteobacteria(1.00),o:Rhodobacterales(1.00),f:Rhodobacteraceae(1.00),g:Planktomarina(0.96),s:uncultured_marine(0.56)	+
RAS_WSC_08_1819_1-read-70068:6987-8282(+)	d:Bacteria(1.00),p:Proteobacteria(1.00),c:Alphaproteobacteria(1.00),o:SAR11_clade(1.00),f:Clade_I(1.00),g:Clade_Ia(0.95),s:uncultured_bacterium(0.23)	+
RAS_WSC_08_1819_1-read-6322:1-1333(+)	d:Bacteria(1.00),p:Proteobacteria(1.00),c:Alphaproteobacteria(1.00),o:Rhodobacterales(1.00),f:Rhodobacteraceae(1.00),g:Amylibacter(0.87),s:uncultured_marine(0.19)	+
RAS_WSC_08_1819_1-read-63580:1-1254(+)	d:Bacteria(1.00),p:Verrucomicrobiota(1.00),c:Verrucomicrobiae(1.00),o:Verrucomicrobiales(1.00),f:Rubritaleaceae(1.00),g:Luteolibacter(1.00),s:Luteolibacter_algae(0.08)	+
RAS_WSC_08_1819_1-read-27467:3-1228(+)	d:Bacteria(1.00),p:Proteobacteria(1.00),c:Alphaproteobacteria(1.00),o:SAR11_clade(1.00),f:Clade_I(1.00),g:Clade_Ia(0.95),s:uncultured_Pelagibacterales(0.11)	+
RAS_WSC_08_1819_1-read-18876:1-1189(+)	d:Bacteria(1.00),p:Proteobacteria(1.00),c:Alphaproteobacteria(1.00),o:Rhodobacterales(1.00),f:Rhodobacteraceae(1.00),g:Amylibacter(0.96),s:uncultured_bacterium(0.28)	+
RAS_WSC_08_1819_1-read-28603:5026-6299(+)	d:Bacteria(1.00),p:Marinimicrobia_(SAR406_clade)(1.00),c:Marinimicrobia_(SAR406_clade)(1.00),o:Marinimicrobia_(SAR406_clade)(1.00),f:Marinimicrobia_(SAR406_clade)(1.00),g:Marinimicrobia_(SAR406_clade)(1.00),s:uncultured_marine(0.81)	+
RAS_WSC_08_1819_1-read-139300:0-1259(-)	d:Bacteria(1.00),p:Proteobacteria(1.00),c:Alphaproteobacteria(1.00),o:SAR11_clade(1.00),f:Clade_II(1.00),g:Clade_II(1.00),s:uncultured_bacterium(0.38)	+
RAS_WSC_08_1819_1-read-90143:2150-3391(+)	d:Bacteria(1.00),p:Proteobacteria(1.00),c:Gammaproteobacteria(1.00),o:Pseudomonadales(1.00),f:SAR86_clade(1.00),g:SAR86_clade(1.00),s:uncultured_marine(0.50)	+
RAS_WSC_08_1819_1-read-115574:1-1265(-)	d:Bacteria(1.00),p:Proteobacteria(1.00),c:Gammaproteobacteria(1.00),o:Burkholderiales(1.00),f:Methylophilaceae(1.00),g:OM43_clade(1.00),s:uncultured_bacterium(0.41)	+
RAS_WSC_08_1819_1-read-42596:0-1177(+)	d:Bacteria(1.00),p:Proteobacteria(1.00),c:Gammaproteobacteria(1.00),o:Pseudomonadales(1.00),f:SAR86_clade(1.00),g:SAR86_clade(1.00),s:uncultured_bacterium(0.67)	+
RAS_WSC_08_1819_1-read-30802:6920-8155(+)	d:Bacteria(1.00),p:Proteobacteria(1.00),c:Alphaproteobacteria(1.00),o:SAR11_clade(1.00),f:Clade_I(1.00),g:Clade_Ia(0.98),s:uncultured_marine(0.39)	+
RAS_WSC_08_1819_1-read-93781:0-1196(+)	d:Bacteria(1.00),p:Bacteroidota(1.00),c:Bacteroidia(1.00),o:Flavobacteriales(1.00),f:Flavobacteriaceae(1.00),g:uncultured(0.98),s:uncultured_bacterium(0.08)	+
RAS_WSC_08_1819_1-read-93593:6003-7226(+)	d:Bacteria(1.00),p:Proteobacteria(1.00),c:Alphaproteobacteria(1.00),o:SAR11_clade(1.00),f:Clade_I(1.00),g:Clade_Ia(0.98),s:uncultured_bacterium(0.65)	+
RAS_WSC_08_1819_1-read-34760:0-1164(-)	d:Bacteria(1.00),p:Proteobacteria(1.00),c:Alphaproteobacteria(1.00),o:Thalassobaculales(1.00),f:Nisaeaceae(1.00),g:OM75_clade(1.00),s:uncultured_Alphaproteobacteria(0.83)	+
RAS_WSC_08_1819_1-read-134412:2866-4122(+)	d:Bacteria(1.00),p:Bacteroidota(1.00),c:Bacteroidia(1.00),o:Flavobacteriales(1.00),f:Cryomorphaceae(1.00),g:uncultured(1.00),s:uncultured_bacterium(1.00)	+
RAS_WSC_08_1819_1-read-96303:4578-5774(+)	d:Bacteria(1.00),p:Proteobacteria(1.00),c:Alphaproteobacteria(1.00),o:SAR11_clade(1.00),f:uncultured(0.08),g:uncultured(0.09),s:uncultured_Pelagibacterales(0.60)	+
RAS_WSC_08_1819_1-read-107122:6236-7349(-)	d:Bacteria(1.00),p:Proteobacteria(1.00),c:Alphaproteobacteria(1.00),o:Rhodobacterales(1.00),f:Rhodobacteraceae(1.00),g:Planktomarina(0.96),s:uncultured_marine(0.38)	+
RAS_WSC_08_1819_1-read-105646:0-1124(+)	d:Bacteria(1.00),p:Proteobacteria(1.00),c:Alphaproteobacteria(1.00),o:Rhodobacterales(1.00),f:Rhodobacteraceae(1.00),g:Amylibacter(0.98),s:uncultured_marine(0.22)	+
RAS_WSC_08_1819_1-read-109535:4444-5576(-)	d:Bacteria(1.00),p:Proteobacteria(1.00),c:Gammaproteobacteria(1.00),o:Pseudomonadales(1.00),f:SAR86_clade(1.00),g:SAR86_clade(1.00),s:uncultured_bacterium(0.83)	+
RAS_WSC_08_1819_1-read-106645:3-1099(-)	d:Bacteria(1.00),p:Proteobacteria(1.00),c:Alphaproteobacteria(1.00),o:SAR11_clade(1.00),f:Clade_IV(1.00),g:Clade_IV(1.00),s:marine_metagenome(0.74)	+
RAS_WSC_08_1819_1-read-12684:232-1329(+)	d:Bacteria(1.00),p:Proteobacteria(1.00),c:Alphaproteobacteria(1.00),o:SAR11_clade(1.00),f:Clade_I(1.00),g:Clade_Ia(0.94),s:marine_metagenome(0.05)	+
RAS_WSC_08_1819_1-read-41232:8106-9246(+)	d:Bacteria(1.00),p:Verrucomicrobiota(1.00),c:Verrucomicrobiae(1.00),o:Opitutales(1.00),f:Puniceicoccaceae(1.00),g:Lentimonas(1.00),s:seawater_metagenome(0.99)	+
RAS_WSC_08_1819_1-read-32188:2799-3927(+)	d:Bacteria(1.00),p:Verrucomicrobiota(1.00),c:Verrucomicrobiae(1.00),o:Opitutales(1.00),f:Puniceicoccaceae(1.00),g:Lentimonas(1.00),s:seawater_metagenome(0.96)	+
RAS_WSC_08_1819_1-read-17265:8049-9107(-)	d:Bacteria(1.00),p:Verrucomicrobiota(1.00),c:Verrucomicrobiae(1.00),o:Verrucomicrobiales(1.00),f:Rubritaleaceae(1.00),g:Rubritalea(1.00),s:uncultured_bacterium(0.23)	+
RAS_WSC_08_1819_1-read-108370:1-1098(-)	d:Bacteria(1.00),p:Proteobacteria(1.00),c:Alphaproteobacteria(1.00),o:Rhodobacterales(1.00),f:Rhodobacteraceae(1.00),g:Amylibacter(0.88),s:uncultured_marine(0.54)	+
RAS_WSC_08_1819_1-read-15486:1-984(+)	d:Bacteria(1.00),p:Proteobacteria(1.00),c:Gammaproteobacteria(1.00),o:Pseudomonadales(1.00),f:Porticoccaceae(1.00),g:SAR92_clade(1.00),s:uncultured_marine(0.56)	+
RAS_WSC_08_1819_1-read-38257:1996-3099(+)	d:Bacteria(1.00),p:Proteobacteria(1.00),c:Alphaproteobacteria(1.00),o:SAR11_clade(1.00),f:Clade_I(1.00),g:Clade_Ia(0.94),s:uncultured_bacterium(0.30)	+
RAS_WSC_08_1819_1-read-52112:4163-5257(+)	d:Bacteria(1.00),p:Proteobacteria(1.00),c:Gammaproteobacteria(1.00),o:Pseudomonadales(1.00),f:SAR86_clade(1.00),g:SAR86_clade(1.00),s:uncultured_marine(0.33)	+
RAS_WSC_08_1819_1-read-49559:12663-13799(+)	d:Bacteria(1.00),p:Verrucomicrobiota(1.00),c:Verrucomicrobiae(1.00),o:Verrucomicrobiales(1.00),f:Rubritaleaceae(1.00),g:Roseibacillus(1.00),s:uncultured_organism(0.76)	+
RAS_WSC_08_1819_1-read-79877:20-1075(+)	d:Bacteria(1.00),p:Verrucomicrobiota(1.00),c:Verrucomicrobiae(1.00),o:Verrucomicrobiales(1.00),f:Rubritaleaceae(1.00),g:Luteolibacter(1.00),s:uncultured_organism(0.15)	+
RAS_WSC_08_1819_1-read-121246:2517-3587(+)	d:Bacteria(1.00),p:Proteobacteria(1.00),c:Alphaproteobacteria(1.00),o:SAR11_clade(1.00),f:Clade_I(1.00),g:Clade_Ia(0.93),s:uncultured_Alphaproteobacteria(0.09)	+
RAS_WSC_08_1819_1-read-128051:4299-5395(+)	d:Bacteria(1.00),p:Verrucomicrobiota(1.00),c:Verrucomicrobiae(1.00),o:Verrucomicrobiales(1.00),f:Rubritaleaceae(1.00),g:Rubritalea(1.00),s:uncultured_bacterium(0.79)	+
RAS_WSC_08_1819_1-read-98288:1-1157(-)	d:Bacteria(1.00),p:Bacteroidota(1.00),c:Bacteroidia(1.00),o:Flavobacteriales(1.00),f:Flavobacteriaceae(1.00),g:NS5_marine_group(1.00),s:uncultured_bacterium(0.96)	+
RAS_WSC_08_1819_1-read-95:5332-6448(+)	d:Bacteria(1.00),p:Bacteroidota(1.00),c:Bacteroidia(1.00),o:Flavobacteriales(1.00),f:Flavobacteriaceae(1.00),g:Ulvibacter(1.00),s:uncultured_Bacteroidetes(0.28)	+
RAS_WSC_08_1819_1-read-50385:0-991(+)	d:Bacteria(1.00),p:Proteobacteria(1.00),c:Gammaproteobacteria(1.00),o:Pseudomonadales(1.00),f:SAR86_clade(1.00),g:SAR86_clade(1.00),s:uncultured_marine(0.44)	+
RAS_WSC_08_1819_1-read-87626:2372-3487(+)	d:Bacteria(1.00),p:Bacteroidota(1.00),c:Bacteroidia(1.00),o:Flavobacteriales(1.00),f:Flavobacteriaceae(1.00),g:NS5_marine_group(1.00),s:uncultured_bacterium(0.44)	+
RAS_WSC_08_1819_1-read-38102:11111-12109(+)	d:Bacteria(1.00),p:Proteobacteria(1.00),c:Alphaproteobacteria(1.00),o:SAR11_clade(1.00),f:Clade_II(0.99),g:Clade_II(0.99),s:uncultured_marine(0.19)	+
RAS_WSC_08_1819_1-read-1767:12126-13281(+)	d:Bacteria(1.00),p:Bacteroidota(1.00),c:Bacteroidia(1.00),o:Flavobacteriales(1.00),f:Flavobacteriaceae(1.00),g:NS5_marine_group(1.00),s:uncultured_bacterium(0.90)	+
RAS_WSC_08_1819_1-read-89781:2438-3376(+)	d:Bacteria(1.00),p:Proteobacteria(1.00),c:Alphaproteobacteria(1.00),o:SAR11_clade(1.00),f:Clade_I(1.00),g:Clade_Ia(0.95),s:uncultured_Pelagibacterales(0.04)	+
RAS_WSC_08_1819_1-read-7414:0-941(-)	d:Bacteria(1.00),p:Proteobacteria(1.00),c:Gammaproteobacteria(1.00),o:Pseudomonadales(1.00),f:Pseudohongiellaceae(1.00),g:Pseudohongiella(1.00),s:uncultured_gamma(0.51)	+
RAS_WSC_08_1819_1-read-77109:0-918(-)	d:Bacteria(1.00),p:Proteobacteria(1.00),c:Alphaproteobacteria(1.00),o:SAR11_clade(1.00),f:Clade_I(1.00),g:Clade_Ia(0.90),s:Candidatus_Pelagibacter(0.05)	+
RAS_WSC_08_1819_1-read-87328:3371-4228(-)	d:Bacteria(1.00),p:Verrucomicrobiota(1.00),c:Verrucomicrobiae(1.00),o:Verrucomicrobiales(1.00),f:Rubritaleaceae(1.00),g:Luteolibacter(1.00),s:uncultured_organism(0.27)	+
RAS_WSC_08_1819_1-read-33475:0-787(+)	d:Bacteria(1.00),p:Proteobacteria(1.00),c:Gammaproteobacteria(1.00),o:Pseudomonadales(1.00),f:Porticoccaceae(1.00),g:SAR92_clade(1.00),s:uncultured_bacterium(0.26)	+
RAS_WSC_08_1819_1-read-37467:9620-10432(-)	d:Bacteria(1.00),p:Proteobacteria(1.00),c:Gammaproteobacteria(1.00),o:Pseudomonadales(1.00),f:SAR86_clade(1.00),g:SAR86_clade(1.00),s:uncultured_SAR86(0.09)	+
RAS_WSC_08_1819_1-read-68314:0-845(+)	d:Bacteria(1.00),p:Proteobacteria(1.00),c:Alphaproteobacteria(1.00),o:SAR11_clade(1.00),f:Clade_I(0.98),g:Clade_Ia(0.98),s:uncultured_bacterium(0.33)	+
RAS_WSC_08_1819_1-read-115897:6891-7693(-)	d:Bacteria(1.00),p:Proteobacteria(1.00),c:Gammaproteobacteria(1.00),o:Pseudomonadales(1.00),f:SAR86_clade(1.00),g:SAR86_clade(1.00),s:uncultured_SAR86(0.34)	+
RAS_WSC_08_1819_1-read-65369:5486-6306(-)	d:Bacteria(1.00),p:Verrucomicrobiota(1.00),c:Verrucomicrobiae(1.00),o:Opitutales(1.00),f:Puniceicoccaceae(1.00),g:Lentimonas(1.00),s:uncultured_marine(0.10)	+
RAS_WSC_08_1819_1-read-8441:1380-2269(+)	d:Bacteria(1.00),p:Proteobacteria(1.00),c:Alphaproteobacteria(1.00),o:SAR11_clade(1.00),f:Clade_I(1.00),g:Clade_Ia(0.97),s:uncultured_bacterium(0.38)	+
RAS_WSC_08_1819_1-read-60041:0-943(+)	d:Bacteria(1.00),p:Proteobacteria(1.00),c:Gammaproteobacteria(1.00),o:Pseudomonadales(1.00),f:OM182_clade(1.00),g:OM182_clade(1.00),s:marine_gamma(0.69)	+
RAS_WSC_08_1819_1-read-93725:0-777(+)	d:Bacteria(1.00),p:Proteobacteria(1.00),c:Gammaproteobacteria(1.00),o:Pseudomonadales(1.00),f:SAR86_clade(1.00),g:SAR86_clade(1.00),s:uncultured_marine(0.30)	+
RAS_WSC_08_1819_1-read-77630:2954-3760(-)	d:Bacteria(1.00),p:Proteobacteria(1.00),c:Alphaproteobacteria(1.00),o:SAR11_clade(1.00),f:Clade_I(1.00),g:Clade_Ia(0.99),s:marine_metagenome(0.07)	+
RAS_WSC_08_1819_1-read-107698:7361-8159(-)	d:Bacteria(1.00),p:Proteobacteria(1.00),c:Alphaproteobacteria(1.00),o:Rhodobacterales(1.00),f:Rhodobacteraceae(1.00),g:Ascidiaceihabitans(0.93),s:uncultured_Roseobacter(0.60)	+
RAS_WSC_08_1819_1-read-125971:4064-4917(+)	d:Bacteria(1.00),p:Proteobacteria(1.00),c:Gammaproteobacteria(1.00),o:Pseudomonadales(1.00),f:Nitrincolaceae(1.00),g:uncultured(1.00),s:uncultured_bacterium(0.32)	+
RAS_WSC_08_1819_1-read-122908:5352-6102(-)	d:Bacteria(1.00),p:Verrucomicrobiota(1.00),c:Verrucomicrobiae(1.00),o:Opitutales(1.00),f:Puniceicoccaceae(1.00),g:Lentimonas(1.00),s:seawater_metagenome(0.70)	+
RAS_WSC_08_1819_1-read-54739:6300-7154(+)	d:Bacteria(1.00),p:Proteobacteria(1.00),c:Gammaproteobacteria(1.00),o:Enterobacterales(1.00),f:Colwelliaceae(1.00),g:Colwellia(0.89),s:uncultured_bacterium(0.63)	+
RAS_WSC_08_1819_1-read-121986:7115-7895(+)	d:Bacteria(1.00),p:Proteobacteria(1.00),c:Alphaproteobacteria(1.00),o:Rhodobacterales(1.00),f:Rhodobacteraceae(1.00),g:Planktomarina(1.00),s:uncultured_marine(0.52)	+
RAS_WSC_08_1819_1-read-15875:1-803(-)	d:Bacteria(1.00),p:Proteobacteria(1.00),c:Gammaproteobacteria(1.00),o:Pseudomonadales(1.00),f:SAR86_clade(1.00),g:SAR86_clade(1.00),s:uncultured_bacterium(0.25)	+
RAS_WSC_08_1819_1-read-94079:7292-8133(+)	d:Bacteria(1.00),p:Verrucomicrobiota(1.00),c:Verrucomicrobiae(1.00),o:Verrucomicrobiales(1.00),f:Rubritaleaceae(1.00),g:Rubritalea(1.00),s:uncultured_bacterium(0.91)	+
RAS_WSC_08_1819_1-read-81058:3069-3800(+)	d:Bacteria(1.00),p:Proteobacteria(1.00),c:Alphaproteobacteria(1.00),o:Rhodobacterales(1.00),f:Rhodobacteraceae(1.00),g:Amylibacter(1.00),s:Rhodobacterales_bacterium(0.53)	+
RAS_WSC_08_1819_1-read-49300:4-709(+)	d:Bacteria(1.00),p:Proteobacteria(1.00),c:Alphaproteobacteria(1.00),o:SAR11_clade(1.00),f:Clade_I(0.99),g:Clade_Ia(0.77),s:uncultured_Pelagibacterales(0.30)	+
RAS_WSC_08_1819_1-read-131483:1-680(+)	d:Bacteria(1.00),p:Bacteroidota(1.00),c:Bacteroidia(1.00),o:Flavobacteriales(1.00),f:Flavobacteriaceae(1.00),g:NS5_marine_group(0.97),s:seawater_metagenome(0.28)	+
RAS_WSC_08_1819_1-read-11398:6975-7681(-)	d:Bacteria(1.00),p:Verrucomicrobiota(1.00),c:Verrucomicrobiae(1.00),o:Verrucomicrobiales(1.00),f:Rubritaleaceae(1.00),g:Roseibacillus(1.00),s:Verrucomicrobia_bacterium(0.83)	+
RAS_WSC_08_1819_1-read-76023:3595-4404(+)	d:Bacteria(1.00),p:Bacteroidota(1.00),c:Bacteroidia(1.00),o:Flavobacteriales(1.00),f:Flavobacteriaceae(1.00),g:NS5_marine_group(1.00),s:uncultured_bacterium(0.55)	+
RAS_WSC_08_1819_1-read-74890:3-707(+)	d:Bacteria(1.00),p:Proteobacteria(1.00),c:Alphaproteobacteria(1.00),o:SAR11_clade(1.00),f:Clade_I(0.96),g:Clade_Ia(0.94),s:uncultured_bacterium(0.28)	+
RAS_WSC_08_1819_1-read-138379:2-816(-)	d:Bacteria(1.00),p:Bacteroidota(1.00),c:Bacteroidia(1.00),o:Flavobacteriales(1.00),f:Flavobacteriaceae(1.00),g:NS5_marine_group(1.00),s:uncultured_Flavobacteriia(0.99)	+
RAS_WSC_08_1819_1-read-69014:5240-5983(+)	d:Bacteria(1.00),p:Proteobacteria(1.00),c:Alphaproteobacteria(1.00),o:SAR11_clade(1.00),f:Clade_II(0.99),g:Clade_II(0.99),s:unidentified_marine(0.27)	+
RAS_WSC_08_1819_1-read-18438:4452-5080(-)	d:Bacteria(1.00),p:Proteobacteria(1.00),c:Gammaproteobacteria(1.00),o:Pseudomonadales(1.00),f:SAR86_clade(0.99),g:SAR86_clade(0.99),s:gamma_proteobacterium(0.06)	+
RAS_WSC_08_1819_1-read-47172:9125-9762(-)	d:Bacteria(1.00),p:Proteobacteria(1.00),c:Alphaproteobacteria(1.00),o:Rhodobacterales(1.00),f:Rhodobacteraceae(1.00),g:Amylibacter(1.00),s:Rhodobacterales_bacterium(0.70)	+
RAS_WSC_08_1819_1-read-93303:6468-7223(+)	d:Bacteria(1.00),p:Verrucomicrobiota(1.00),c:Verrucomicrobiae(1.00),o:Verrucomicrobiales(1.00),f:Rubritaleaceae(1.00),g:Roseibacillus(1.00),s:Verrucomicrobia_bacterium(0.66)	+
RAS_WSC_08_1819_1-read-9156:8239-8992(-)	d:Bacteria(1.00),p:Verrucomicrobiota(1.00),c:Verrucomicrobiae(1.00),o:Opitutales(1.00),f:Puniceicoccaceae(1.00),g:Lentimonas(1.00),s:uncultured_bacterium(0.35)	+
RAS_WSC_08_1819_1-read-55906:2888-4140(-)			
RAS_WSC_08_1819_1-read-33020:0-698(-)	d:Bacteria(1.00),p:Proteobacteria(1.00),c:Alphaproteobacteria(1.00),o:SAR11_clade(1.00),f:Clade_I(1.00),g:Clade_Ia(0.97),s:uncultured_Pelagibacterales(0.06)	+
RAS_WSC_08_1819_1-read-64292:0-604(+)	d:Bacteria(1.00),p:Proteobacteria(1.00),c:Gammaproteobacteria(1.00),o:Pseudomonadales(1.00),f:Nitrincolaceae(0.01),g:uncultured(0.01),s:uncultured_marine(0.25)	+
RAS_WSC_08_1819_1-read-55340:11370-12042(+)	d:Bacteria(1.00),p:Proteobacteria(1.00),c:Alphaproteobacteria(1.00),o:SAR11_clade(0.98),f:Clade_II(0.96),g:Clade_II(0.96),s:uncultured_bacterium(0.69)	+
RAS_WSC_08_1819_1-read-120744:7-742(-)	d:Bacteria(1.00),p:Bacteroidota(1.00),c:Bacteroidia(1.00),o:Flavobacteriales(1.00),f:Flavobacteriaceae(1.00),g:uncultured(1.00),s:uncultured_Bacteroidetes(0.81)	+
RAS_WSC_08_1819_1-read-81367:0-681(-)	d:Bacteria(1.00),p:Proteobacteria(1.00),c:Gammaproteobacteria(1.00),o:Pseudomonadales(1.00),f:SAR86_clade(1.00),g:SAR86_clade(1.00),s:uncultured_bacterium(0.32)	+
RAS_WSC_08_1819_1-read-115009:0-584(+)	d:Bacteria(1.00),p:Proteobacteria(1.00),c:Alphaproteobacteria(1.00),o:Parvibaculales(0.99),f:OCS116_clade(0.99),g:OCS116_clade(0.99),s:uncultured_bacterium(0.87)	+
RAS_WSC_08_1819_1-read-120303:1-632(-)	d:Bacteria(1.00),p:Proteobacteria(1.00),c:Alphaproteobacteria(1.00),o:SAR11_clade(1.00),f:Clade_I(1.00),g:Clade_Ia(0.97),s:uncultured_bacterium(0.42)	+
RAS_WSC_08_1819_1-read-85462:1-567(+)	d:Bacteria(1.00),p:Verrucomicrobiota(1.00),c:Verrucomicrobiae(1.00),o:Verrucomicrobiales(1.00),f:Rubritaleaceae(1.00),g:Rubritalea(1.00),s:uncultured_organism(0.69)	+
RAS_WSC_08_1819_1-read-3253:4431-4976(-)	d:Bacteria(1.00),p:Proteobacteria(1.00),c:Alphaproteobacteria(1.00),o:SAR11_clade(1.00),f:Clade_I(0.98),g:Clade_Ia(0.98),s:uncultured_marine(0.22)	+
RAS_WSC_08_1819_1-read-119653:3-642(-)	d:Bacteria(1.00),p:Bacteroidota(1.00),c:Bacteroidia(1.00),o:Flavobacteriales(1.00),f:Flavobacteriaceae(1.00),g:uncultured(1.00),s:uncultured_Bacteroidetes(0.37)	+
RAS_WSC_08_1819_1-read-106596:7253-7796(-)	d:Bacteria(1.00),p:Verrucomicrobiota(1.00),c:Verrucomicrobiae(1.00),o:Verrucomicrobiales(1.00),f:Rubritaleaceae(1.00),g:Roseibacillus(1.00),s:uncultured_bacterium(0.01)	+
RAS_WSC_08_1819_1-read-5406:3-593(-)	d:Bacteria(1.00),p:Proteobacteria(1.00),c:Alphaproteobacteria(1.00),o:SAR11_clade(1.00),f:Clade_I(1.00),g:Clade_Ia(0.94),s:uncultured_Alphaproteobacteria(0.07)	+
RAS_WSC_08_1819_1-read-1977:3-538(-)	d:Bacteria(1.00),p:Proteobacteria(1.00),c:Alphaproteobacteria(1.00),o:SAR11_clade(1.00),f:Clade_I(1.00),g:Clade_Ia(0.89),s:Candidatus_Pelagibacter(0.22)	+
RAS_WSC_08_1819_1-read-140423:4876-5459(+)	d:Bacteria(1.00),p:Proteobacteria(1.00),c:Gammaproteobacteria(1.00),o:Pseudomonadales(1.00),f:Pseudohongiellaceae(1.00),g:Pseudohongiella(1.00),s:uncultured_gamma(0.46)	+
RAS_WSC_08_1819_1-read-34049:4658-5220(+)	d:Bacteria(1.00),p:Verrucomicrobiota(1.00),c:Verrucomicrobiae(1.00),o:Verrucomicrobiales(1.00),f:Rubritaleaceae(1.00),g:Roseibacillus(1.00),s:Verrucomicrobia_bacterium(0.90)	+
RAS_WSC_08_1819_1-read-80695:0-464(+)	d:Bacteria(1.00),p:Bacteroidota(1.00),c:Bacteroidia(1.00),o:Flavobacteriales(1.00),f:Flavobacteriaceae(1.00),g:Arcticiflavibacter(0.21),s:Formosa_sp.(0.21)	+
RAS_WSC_08_1819_1-read-139818:5258-5752(+)	d:Bacteria(1.00),p:Proteobacteria(1.00),c:Alphaproteobacteria(1.00),o:SAR11_clade(1.00),f:Clade_IV(1.00),g:Clade_IV(1.00),s:uncultured_marine(0.74)	+
RAS_WSC_08_1819_1-read-15907:6264-6772(+)	d:Bacteria(1.00),p:Proteobacteria(1.00),c:Alphaproteobacteria(1.00),o:SAR11_clade(1.00),f:Clade_I(1.00),g:Clade_Ia(0.58),s:uncultured_bacterium(0.94)	+
RAS_WSC_08_1819_1-read-145598:0-499(-)	d:Bacteria(1.00),p:Proteobacteria(1.00),c:Alphaproteobacteria(1.00),o:Rhodobacterales(1.00),f:Rhodobacteraceae(1.00),g:Roseobacter(0.59),s:uncultured_marine(0.64)	+
RAS_WSC_08_1819_1-read-36531:6118-6636(+)	d:Bacteria(1.00),p:Proteobacteria(1.00),c:Gammaproteobacteria(1.00),o:Pseudomonadales(0.99),f:Pseudohongiellaceae(0.99),g:Pseudohongiella(0.99),s:seawater_metagenome(0.18)	+
RAS_WSC_08_1819_1-read-5475:3-444(-)	d:Bacteria(1.00),p:Proteobacteria(1.00),c:Gammaproteobacteria(1.00),o:Pseudomonadales(1.00),f:KI89A_clade(1.00),g:KI89A_clade(1.00),s:uncultured_marine(0.99)	+
RAS_WSC_08_1819_1-read-123675:8745-9152(-)	d:Bacteria(1.00),p:Proteobacteria(1.00),c:Gammaproteobacteria(1.00),o:Pseudomonadales(1.00),f:SAR86_clade(0.67),g:SAR86_clade(0.67),s:SAR86_cluster(0.35)	+
RAS_WSC_08_1819_1-read-45477:9644-10041(-)	d:Bacteria(1.00),p:Verrucomicrobiota(1.00),c:Verrucomicrobiae(1.00),o:Opitutales(1.00),f:Puniceicoccaceae(1.00),g:Lentimonas(1.00),s:seawater_metagenome(0.86)	+
RAS_WSC_08_1819_1-read-142534:1-436(-)	d:Bacteria(1.00),p:Bacteroidota(1.00),c:Bacteroidia(1.00),o:Flavobacteriales(1.00),f:Flavobacteriaceae(1.00),g:NS5_marine_group(1.00),s:uncultured_bacterium(0.91)	+
RAS_WSC_08_1819_1-read-148259:1153-2801(-)			
RAS_WSC_08_1819_1-read-124568:1078-2788(+)			
RAS_WSC_08_1819_1-read-61723:42-475(+)	d:Stramenopiles:plas(1.00),k:Eukaryota:plas(1.00),p:Ochrophyta:plas(1.00),c:Bacillariophyta:plas(1.00),o:Bacillariophyta_X:plas(1.00),f:Raphid-pennate:plas(0.66),g:Raphid-pennate_X:plas(0.37),s:Raphid-pennate_X_sp.:plas(0.37)	+
RAS_WSC_08_1819_1-read-131774:2156-3954(-)	d:Alveolata(1.00),k:Eukaryota(1.00),p:Dinoflagellata(1.00),c:Dinophyceae(1.00),o:Dinophyceae_X(0.99),f:Dinophyceae_XX(0.99),g:Dinophyceae_XXX(0.99),s:Dinophyceae_XXX_sp.(0.99)	+
RAS_WSC_08_1819_1-read-137322:0-1794(+)	d:Alveolata(1.00),k:Eukaryota(1.00),p:Dinoflagellata(1.00),c:Dinophyceae(1.00),o:Dinophyceae_X(0.95),f:Dinophyceae_XX(0.95),g:Dinophyceae_XXX(0.95),s:Dinophyceae_XXX_sp.(0.95)	+
RAS_WSC_08_1819_1-read-1123:1082-2880(+)	d:Alveolata(1.00),k:Eukaryota(1.00),p:Dinoflagellata(1.00),c:Dinophyceae(1.00),o:Prorocentrales(0.72),f:Prorocentraceae(0.72),g:Prorocentrum(0.72),s:Prorocentrum_sp.(0.70)	+
RAS_WSC_08_1819_1-read-53299:7411-9215(+)	d:Stramenopiles(1.00),k:Eukaryota(1.00),p:Ochrophyta(1.00),c:Bacillariophyta(1.00),o:Bacillariophyta_X(1.00),f:Polar-centric-Mediophyceae(1.00),g:Thalassiosira(0.83),s:Thalassiosira_sp.(0.42)	+
RAS_WSC_08_1819_1-read-43532:0-1298(-)	d:Stramenopiles(1.00),k:Eukaryota(1.00),p:Ochrophyta(1.00),c:Bacillariophyta(1.00),o:Bacillariophyta_X(1.00),f:Raphid-pennate(1.00),g:Pseudo-nitzschia(0.83),s:Pseudo-nitzschia_pungens(0.14)	+
RAS_WSC_08_1819_1-read-28357:2-1278(+)	d:Alveolata(1.00),k:Eukaryota(1.00),p:Ciliophora(1.00),c:Spirotrichea(1.00),o:Strombidiida(1.00),f:Tontoniidae_B(0.98),g:Pseudotontonia(0.74),s:Pseudotontonia_sp.(0.74)	+
RAS_WSC_08_1819_1-read-105630:3995-5033(-)	d:Opisthokonta(1.00),k:Eukaryota(1.00),p:Metazoa(1.00),c:Arthropoda(1.00),o:Crustacea(1.00),f:Maxillopoda(1.00),g:Maxillopoda_X(0.99),s:Maxillopoda_X_sp.(0.99)	+
RAS_WSC_08_1819_1-read-65608:6188-6663(-)	d:Alveolata(1.00),k:Eukaryota(1.00),p:Dinoflagellata(1.00),c:Syndiniales(0.52),o:Dino-Group-II(0.52),f:Dino-Group-II-Clade-6(0.52),g:Dino-Group-II-Clade-6_X(0.52),s:Dino-Group-II-Clade-6_X_sp.(0.52)	+
